id,name,type,level,year,floors,elevator,elevator_goods,building_area,property_fee,park_fee,park_overground,park_underground,floor_area,floor_height,pure_height,hall_height,if_foreign,if_register,latitude,longitude,store_nearby,mall_nearby,park_nearby,hotel_nearby,metro_nearby,rent,rent_haozu,rent_BC_haozu
6,中环协信天地,5,3,-1,23,0,0,268127,25,0,0,0,0,4.2,0,0,1,1,31.305,121.465,8,0,8,0,0,4.06,4.36,4.33
8,金融街静安中心,4,3,-1,0,0,0,76632,0,0,0,0,0,0,0,0,1,1,31.2312,121.438,32,6,32,16,1,8.22,6.94,8.36
9,金虹桥国际中心,5,3,6,50,12,2,263380,35,1500,100,400,2100,3.8,2.9,15,1,1,31.2149,121.41,36,15,36,11,1,7.61,9.63,7.31
16,宝虹中心,4,3,9,9,3,1,21093,15,500,80,37,2000,3.7,2.7,10,0,1,31.1528,121.348,2,0,2,3,1,2.84,3.2,16.23
18,新城市中心广场,5,3,10,28,5,1,21760,18,800,150,200,1200,3,2.7,5,0,1,31.2612,121.425,16,2,16,6,1,4.87,4.8,4.38
19,宝华国际广场,4,3,8,23,5,1,58000,25,1000,30,320,1475,3.5,3,8,1,1,31.2858,121.449,10,2,10,2,0,5.07,5.95,4.91
23,和平国际商务港,5,3,7,15,33,0,79186,0,300,32,317,1100,3.6,0,5.6,1,1,31.1529,121.574,7,2,7,8,0,4.06,3.92,3.53
26,华辰金融大厦,4,3,13,25,4,1,21000,28,1000,20,236,750,3.8,2.6,10,1,1,31.2446,121.51,20,2,20,11,1,7.61,7.5,13.92
27,新发现才富园,4,2,9,6,2,1,10000,17,600,25,55,600,4,3.5,4,1,1,31.2091,121.424,18,1,18,7,0,4.56,5,7.18
30,美通科创空间,4,3,-1,0,0,0,0,12.5,0,0,0,0,0,0,0,1,1,31.1548,121.437,16,2,16,17,0,3.2,0,0
31,申通信息广场,4,3,19,28,4,2,26000,15,1100,30,228,1752,3,2.6,5,1,1,31.2079,121.44,30,2,30,16,2,5.07,5.75,7.52
32,漕河泾开发区智汇园南区,4,1,16,6,1,1,120000,7,800,100,500,1180,3,2.7,5,0,1,31.183,121.407,8,0,8,4,0,3.35,4.01,4.78
34,协泰中心,4,3,27,29,6,1,29000,30,180,20,80,953,3.6,2.5,4,1,1,31.2103,121.413,16,4,0,10,0,4.56,9.22,7.31
39,静安创展中心,4,3,12,11,8,1,30883,30,1500,100,130,2000,5.5,5,6,0,1,31.2458,121.449,43,4,43,25,1,3.33,5.2,8.11
40,上海国际工业设计中心,3,2,10,5,2,1,50000,8,250,450,0,1500,3.6,3,7,0,1,31.3459,121.504,6,0,6,1,0,2.53,2.64,2.63
42,陆家嘴金控广场,4,3,1,27,0,0,0,36,0,0,0,0,0,0,0,1,1,31.2401,121.52,33,1,33,19,2,9.13,11.8,11.33
45,世达商务中心,5,3,2,5,0,0,0,16,0,0,0,0,0,0,0,1,1,31.1764,121.372,13,1,13,2,1,3.35,4.2,6.28
52,东华创意园,3,3,-1,15,6,0,2000,9,0,0,0,0,0,0,0,1,1,31.2097,121.424,25,1,25,7,0,4.36,5.94,6.92
54,一天下大厦,4,2,15,27,5,2,45000,8,800,150,0,1343,2.8,2.6,8,1,1,31.2467,121.463,16,6,16,17,1,3.04,4,5.92
57,圣天地商务大厦,4,3,14,25,3,1,11200,30,400,20,50,700,5.5,4.5,4,1,1,31.25,121.45,30,3,30,19,2,3.04,6.17,8.86
58,锦明大厦,2,3,15,28,3,1,26852,30,2000,50,150,800,2.8,2.8,8,0,0,31.2097,121.413,19,4,19,12,0,2.74,3.6,7.31
60,凯润商务楼,4,3,-1,0,2,0,7100,15,0,0,0,0,0,0,0,1,1,31.2626,121.489,50,9,50,13,1,3.78,4.43,6.6
62,桂果园,4,2,26,6,2,2,58800,2.6,250,100,0,1400,3,2.8,3.5,0,1,31.1709,121.411,9,0,9,5,0,3.47,3.79,4.78
64,东方维京大厦,4,3,11,30,8,1,48000,23,1200,15,300,1487,4,2.8,7,1,1,31.2119,121.405,12,3,0,13,0,6.08,7.59,7.31
65,紫金瀚宫,4,3,13,5,3,1,7716,17.5,950,80,300,1800,4.5,2.8,6,1,1,31.2311,121.525,36,10,0,19,0,5.58,5.5,7.76
66,双鸽大厦,4,3,15,17,5,1,40356,22,1000,50,100,2000,3.5,2.7,14,1,1,31.2287,121.54,20,0,0,8,2,5.58,6.75,11.33
75,江南造船大厦,4,2,18,28,8,1,40000,27,660,20,135,1151,2.5,2.5,6,1,1,31.2037,121.483,34,1,34,12,1,4.06,4.8,10.1
76,中信五牛城,4,2,23,33,4,2,82000,25,800,100,200,2500,4.5,2.7,13.5,0,1,31.2335,121.565,6,5,6,3,1,3.85,4.4,8.67
82,上企置业广场,4,2,-1,4,1,1,0,12,400,20,0,0,0,0,5.55,0,1,31.166,121.41,22,0,22,17,0,3.85,3.83,4.78
83,同乐坊,3,2,17,12,2,1,22000,30,500,40,120,3650,5.5,3.7,6.5,1,1,31.2426,121.451,42,2,0,21,1,5.07,9.5,8.86
85,鸿运大厦,4,2,18,31,7,1,50000,21,600,20,250,1535,3.2,2.6,6.9,1,1,31.25,121.422,16,1,16,14,2,3.35,3.32,5.16
89,东泰大厦,2,2,20,27,2,0,59000,2,120,30,30,800,2.4,2.6,5,0,1,31.2537,121.496,76,7,76,40,1,2.78,3.3,7.99
92,来福士广场,5,3,16,8,14,2,87700,32,220,15,610,2303,4,2.7,12,1,1,31.2383,121.483,63,17,63,65,1,6.08,11.25,8.57
93,梓坤科技园,4,3,-1,15,0,0,40000,0,0,0,0,0,0,0,0,1,1,31.3563,121.388,1,0,1,2,0,1.83,1.84,2.11
96,鸿海大厦,4,3,-1,27,4,0,35000,16,0,0,0,0,3.5,0,0,1,1,31.2593,121.398,13,2,13,6,0,4.06,4.21,4.38
100,齐成晟园,4,3,-1,10,2,0,10318,0,0,0,0,0,4.9,0,0,1,1,31.3003,121.413,14,5,14,0,0,2.54,2.87,2.79
103,美林创意园,5,1,3,9,6,0,0,6,0,0,0,0,0,0,0,1,1,31.1438,121.337,6,0,0,5,0,2.33,2.6,2.24
105,陆家嘴基金大厦,4,3,8,17,6,2,45000,32,1000,15,191,2200,4.3,3.1,8,1,1,31.23,121.539,21,0,21,11,2,7.91,8.57,13.92
106,花旗集团大厦,4,3,14,42,16,2,120000,34,1500,1200,400,2600,4.1,2.7,12.3,1,1,31.2396,121.507,16,3,16,10,1,10.14,14.83,13.92
107,中期大厦,4,3,19,28,4,2,40000,6,350,0,100,1200,3.3,2.7,5,1,1,31.2637,121.398,17,0,17,3,0,3.24,7.3,6.68
108,彩生活时代广场,5,3,2,5,0,0,0,15,0,0,0,0,0,0,0,1,1,31.1092,121.37,7,4,7,1,0,2.84,2.9,3.29
109,MINI公馆,4,2,9,27,3,1,99547,4.5,300,300,1000,825,3.6,2.6,6,0,1,31.2663,121.4,14,1,14,3,0,2.54,5.15,4.38
111,爱美高大厦,5,3,22,23,4,1,24525,29,1860,36,400,994,3.2,2.6,3.5,1,1,31.2186,121.456,27,6,27,29,1,8.11,10.09,10.3
112,德必柏航创意园,4,3,6,7,0,0,19120,10.8,0,0,0,0,4,0,0,1,1,31.296,121.494,22,0,22,16,1,3.35,3.25,3.68
117,新纪元国际广场,5,3,11,16,4,1,21643,18,400,29,117,874,5.8,5.5,10,1,1,31.2927,121.528,26,5,26,7,0,3.55,3.9,24.11
120,巴黎时韵,4,3,16,30,5,1,30000,22,800,20,50,1000,3.7,2.7,3.5,1,1,31.2118,121.464,30,3,0,31,1,4.97,5.54,5.64
123,东上海中心,5,2,12,20,2,1,80118,4.9,300,37,256,600,5.5,4.8,3.5,1,0,31.2984,121.527,14,6,14,12,0,3.85,3.15,24.11
124,汇银广场,4,3,21,27,3,1,90000,7.5,1000,100,166,1500,3.7,2.5,4.8,0,1,31.203,121.444,32,11,0,15,2,4.06,6.5,7.52
132,明申中心大厦,4,3,17,28,4,1,37425,18,1000,60,120,915,3.3,2.4,4,0,1,31.1881,121.439,18,5,18,12,2,3.85,4.8,5.67
135,中环国际大厦,4,2,15,26,3,1,59000,8,600,30,300,543,3.5,2.5,3,1,1,31.3072,121.521,28,20,28,11,2,3.55,4.4,24.11
137,恒汇国际大厦,5,3,9,29,8,3,48042,27,1159,186,186,1412,3.2,2.7,10,1,1,31.2521,121.457,29,2,29,31,0,5.17,6.37,5.92
139,华纳商务中心,6,3,12,7,4,1,10000,15,1000,150,250,2000,3.5,2.5,5,1,1,31.1761,121.397,6,0,6,3,0,4.26,4.62,4.84
142,丽都新贵,2,2,14,32,4,0,270000,4.5,1200,20,118,1700,3.5,2.8,7.2,1,1,31.2409,121.466,24,8,24,19,1,4.06,5.2,8.86
146,香樟园,4,2,16,2,3,1,150000,6,400,40,150,500,3.2,3,5.2,0,1,31.1634,121.408,21,0,21,12,1,3.04,3.17,4.78
153,飘鹰世纪大厦,4,3,12,22,4,2,48191,9.5,500,0,80,800,3.4,2.6,9,0,1,31.2748,121.506,25,3,25,4,1,3,3.8,5.89
158,大宁中心广场,5,3,8,17,3,1,142851,15,1200,30,250,1300,4,5.2,5.2,1,1,31.2885,121.445,18,3,0,2,0,4.57,6.38,4.91
159,太平人寿大厦,4,3,20,18,3,1,27849,31,500,35,200,1300,3.9,2.7,5.5,1,1,31.2304,121.557,5,2,5,3,1,5.07,5.64,8.67
162,凯科国际大厦,4,3,10,28,11,2,40445,29.8,500,124,499,1630,4,2.6,8.5,1,1,31.1742,121.405,13,0,13,1,1,5.58,6.58,4.78
163,星外滩10号,4,3,2,20,0,0,0,32,0,0,0,0,0,0,0,1,1,31.2567,121.518,33,2,0,11,1,7.1,9.64,7.99
165,新意城,4,3,5,16,5,0,0,15,0,0,0,0,0,0,0,1,1,31.1751,121.4,9,0,9,4,1,4.26,5.5,4.84
166,长房国际广场,5,3,12,27,7,1,50000,30,1000,20,250,1384,4,2.7,8,1,1,31.2117,121.4,20,1,20,15,0,6.08,7.3,7.31
169,岚桥国际大厦,4,3,-1,11,2,0,0,31,0,0,0,0,3.2,0,0,1,1,31.2363,121.528,25,11,25,16,1,7.1,7.5,7.76
170,国家会展中心,5,3,-1,0,4,0,110000,30,0,0,0,0,0,0,0,1,1,31.2,121.31,4,0,4,0,1,3.86,4.79,3.28
171,哈密大楼,4,3,92,8,0,0,0,30,0,0,0,0,4.5,0,0,0,1,31.2477,121.495,57,11,57,40,1,3.55,0,0
172,栋霖科技园,4,3,-1,0,0,0,0,0,0,0,0,0,3.2,0,0,1,1,31.3454,121.439,9,2,9,1,1,2.03,2.2,3.27
173,万创坊,5,3,4,6,0,0,140000,8,0,0,0,0,3.2,0,0,1,1,31.2748,121.178,2,0,2,1,0,1.6,1.9,2
174,普陀科技大厦,4,3,11,18,5,1,18865,15,500,50,50,1060,3.2,2.6,5,0,1,31.2492,121.444,36,5,0,18,1,4.06,4.5,5.94
175,英雄大厦,4,1,22,26,2,1,28000,4,300,20,26,1000,3.2,2.5,4,0,1,31.1924,121.449,25,2,0,33,2,3.04,0,0
176,静安现代产业大厦,5,3,15,7,3,1,14000,24,400,45,0,2000,4.2,4.2,5.6,1,1,31.2453,121.46,21,6,21,12,1,4.06,4.41,8.86
178,西子国际中心,4,3,6,0,6,1,106462,23,0,716,0,1900,0,0,0,0,0,31.1286,121.37,12,2,12,3,0,3.55,6.33,4.81
191,明谷科技园,4,3,10,13,3,1,200000,10,300,85,25,1463,3.3,2.8,5.4,0,1,31.1434,121.353,7,0,0,2,0,2.84,3.12,16.23
196,中油企业大厦,4,2,12,6,2,0,0,10,0,0,0,0,3.5,0,0,1,1,31.1886,121.438,23,5,23,12,1,3.04,3.43,5.67
197,迎龙大厦,2,3,16,24,5,4,36000,30,1000,20,110,2000,3,2.8,4.2,0,1,31.2158,121.431,43,2,43,20,0,3.35,4.4,6.92
198,城开国际大厦,4,3,12,15,6,2,45430,28,1500,0,200,2499,3.5,2.7,20,1,1,31.1995,121.438,22,2,22,22,2,6.3,7.73,7.52
200,星外滩,4,3,4,5,0,0,0,30,0,0,0,0,0,0,0,1,1,31.2558,121.518,23,2,23,7,1,7.1,8.99,7.99
202,嘉利大厦,4,2,21,35,4,1,10000,30,1000,20,300,914,3.6,2.9,4,1,1,31.2161,121.434,38,1,38,26,0,2.84,3.02,6.92
209,虹桥总部1号,4,3,9,8,3,1,68999,12,800,70,355,1464,5,5,6,1,1,31.1854,121.389,8,1,8,14,0,3.55,3.7,4.84
210,大吉地世贸大厦,4,2,12,9,2,1,4770,18,500,100,10,530,4,3,5,0,1,31.2126,121.43,31,2,31,16,0,5.56,6.38,6.92
211,徐汇日月光中心,5,3,2,9,0,0,130294,30,0,0,0,0,0,0,0,1,1,31.1748,121.438,34,2,34,13,1,5.88,6.62,5.67
213,创意大厦,4,2,13,8,2,1,10000,20,600,50,20,1000,3.8,2.8,4,0,1,31.2132,121.618,8,0,8,11,0,3.24,3.6,4.68
223,海德堡中心,4,3,2,5,0,0,0,15,0,0,0,0,0,0,0,1,1,31.2176,121.618,3,0,3,3,0,3.35,4.55,4.68
225,百乐门商务楼,4,2,12,4,1,0,3500,15,0,10,0,600,3.3,3,6,1,1,31.2414,121.444,49,1,0,25,1,4.06,4.5,5.61
228,徐汇苑大厦,4,3,16,28,5,1,33600,28,1200,0,200,1273,3.4,2.7,5.5,1,1,31.1852,121.45,14,0,14,11,3,6.08,6.75,5.67
231,白玉兰环保广场,4,2,11,24,5,1,40000,15,850,50,200,2000,4,3,8,1,1,31.2988,121.542,22,3,22,3,2,2.94,3.2,24.11
232,仲益大厦,5,3,7,45,10,0,110714,15,0,0,0,0,0,0,0,1,1,31.2371,121.472,50,13,50,23,1,6.08,7.74,8.86
234,共和国际商务广场,4,3,11,18,4,1,70000,10,600,34,417,1300,3.4,2.6,7,1,1,31.311,121.456,16,2,16,3,1,3.04,3.35,4.33
238,锦辉大厦,4,2,8,21,3,1,22000,15,800,100,200,2000,3.4,2.4,6,0,1,31.1953,121.426,26,2,26,13,0,3.65,4.51,5.67
239,虹口SOHO,4,3,-1,26,8,0,95000,26,0,0,0,0,3.5,0,0,1,1,31.2588,121.494,70,13,70,18,1,6.08,7.73,6.6
243,外高桥复旦科技园创新中心,4,3,2,13,0,0,0,15.1,0,0,0,0,0,0,0,1,1,31.3209,121.612,4,0,4,2,0,3.04,3.43,2.96
245,光宝科技大厦,4,3,2,9,0,0,225622,32,0,0,0,0,4.3,0,0,1,1,31.1924,121.334,1,0,1,0,0,3.95,5.2,6.16
246,云顶国际商业广场,5,3,8,20,4,1,35216,30,1500,35,194,1600,3.2,2.7,4.2,0,1,31.178,121.52,0,0,0,0,0,4.56,5.11,7.27
248,二百永新大厦,5,3,23,14,6,2,32400,28,1000,200,50,2000,2.8,2.8,5,1,1,31.2236,121.468,40,10,40,32,2,5.83,6.63,9.28
249,静安河滨花园办公楼,4,3,-1,0,0,0,0,0,0,0,0,0,0,0,0,1,1,31.2474,121.458,24,4,24,24,0,4.06,5.95,8.36
254,同盛大厦,4,3,14,25,5,1,43959,24,1000,0,85,1700,2.6,2.7,13,1,1,31.2291,121.538,23,0,23,10,2,6.29,7.5,11.33
255,太平洋企业中心,4,3,20,21,9,1,22000,24,160,20,100,1121,3.6,2.5,7,1,1,31.2214,121.439,32,1,32,32,0,2.22,6.05,6.92
256,达邦协作广场,4,3,-1,33,0,0,75000,31,0,0,0,0,0,0,0,1,1,31.2507,121.462,39,6,39,36,2,6.59,9,5.92
258,永丰国际广场,4,3,-1,26,6,0,28901,30,0,0,0,0,0,0,0,1,1,31.2026,121.451,26,4,26,13,1,7.48,8.58,7.52
264,智苑文创空间,4,3,-1,5,2,0,0,12,0,0,0,0,3.6,0,0,1,1,31.2911,121.457,15,0,15,2,0,3.45,3.78,4.91
265,金桥大厦,5,2,18,28,4,2,36859,30,1000,60,120,1868,3.2,2.8,5.2,1,1,31.2595,121.594,14,0,14,17,0,2.54,3.5,3.46
267,沃力创业园,4,3,3,5,2,0,15000,10.5,0,0,0,0,3.8,0,0,1,1,31.1628,121.566,3,0,3,0,0,3.24,4.9,3.53
271,M50桃浦创意园,3,2,9,3,1,1,23000,5,150,60,0,12000,6,0,4,0,1,31.2832,121.386,6,0,0,4,0,3.04,3.48,4.38
275,宏欣科技设计创意园,3,3,-1,8,0,0,4600,10,0,0,0,0,4.5,0,0,1,1,31.2078,121.49,44,2,44,16,0,4.06,4.98,6.9
276,长宁来福士广场,5,3,4,41,8,0,240000,30,0,0,0,0,4,0,0,1,1,31.2237,121.422,26,2,26,32,1,7.61,9.65,6.92
277,东渡国际大厦,4,3,8,12,4,1,20000,18,500,300,80,1750,3.2,2.8,9.5,1,1,31.229,121.389,6,2,6,2,0,4.66,5,4.91
278,华夏银行大厦,4,3,15,39,3,1,70912,25,150,10,400,1420,3.9,2.6,5,1,1,31.2454,121.515,28,0,28,9,0,6.08,7.45,13.92
283,SOHO复兴广场,4,3,-1,6,14,0,137436,28,0,0,0,0,3,0,0,1,1,31.2206,121.481,49,6,49,17,1,7.1,8.6,8.77
284,赢嘉大厦,4,3,-1,10,0,0,0,15,0,0,0,0,0,0,0,1,1,31.134,121.36,4,0,4,1,0,3.21,3.6,16.23
285,绿亮科创园,5,2,3,5,0,0,0,6,0,0,0,0,0,0,0,1,1,31.2566,121.499,71,2,71,29,0,1.72,2.62,4.44
286,新上海城市广场,4,3,19,23,6,1,40000,16.5,1000,20,120,1400,3.8,2.6,5,1,1,31.2354,121.494,64,22,64,44,1,3.04,4,5.39
289,金桥瑞邑,4,3,6,7,3,0,79880,22,0,0,650,0,4,0,5,1,1,31.263,121.636,4,0,4,0,0,3.04,3.13,3.46
293,桂箐园,4,2,24,6,6,1,39400,2.6,350,500,150,1207,4.3,4,6.5,0,1,31.1804,121.411,10,0,0,1,0,3.04,3.56,4.78
296,郡江国际大厦,4,2,11,32,4,1,64800,9.5,500,26,499,2373,3,2.6,3.7,0,1,31.271,121.544,33,3,33,14,1,3.15,3.56,4.64
297,星峰企业园,4,3,-1,11,2,0,0,12,0,0,0,0,3,0,0,1,1,31.2111,121.635,2,0,2,0,0,5.07,6,4.68
299,智慧广场,4,3,9,0,8,1,62209,25,1300,30,150,1629,3.6,2.6,4,1,1,31.2397,121.437,39,3,39,18,1,4.56,5.38,5.61
305,汇融大厦,5,2,6,20,3,1,46567,19,800,15,204,1400,3.75,2.8,7,1,1,31.2425,121.424,37,5,37,13,3,5,6.11,5.16
308,中银大厦,4,3,17,53,18,2,123000,31.5,1500,60,300,2700,2.9,2.6,26,1,1,31.2446,121.51,20,2,20,11,1,10.14,14.64,13.92
311,银发大厦,4,2,16,27,3,1,51000,21.9,600,10,30,712,3.8,2.8,5,0,1,31.2364,121.461,37,11,37,41,1,3.85,4.65,8.11
313,仲盛金融中心,4,3,24,31,4,1,38232,26,1500,25,100,1160,4,2.6,8,1,1,31.2097,121.415,19,4,19,11,0,3.85,5.42,7.31
318,怡亚通广场,4,3,10,7,4,1,48061,20,300,17,113,2000,4.5,2.7,20,0,1,31.2489,121.636,2,0,2,1,0,2.33,2.5,3.46
319,上海银行大厦,4,3,13,46,16,2,109233,31,1500,400,363,1921,4,2.7,30,1,1,31.2454,121.511,21,1,21,6,1,10.14,13.96,13.92
322,东方万国企业中心,4,3,-1,12,0,0,300000,22,0,0,0,0,0,0,0,1,1,31.2628,121.627,8,1,8,3,0,4.06,4.23,3.46
323,汇宝中心,4,3,2,16,0,0,0,20,0,0,0,0,0,0,0,1,1,31.1447,121.571,6,0,6,2,0,2.94,3.26,3.53
326,由由国际广场,6,3,12,37,8,2,450000,32,1000,17,650,1900,2.8,2.8,8,1,1,31.2145,121.526,35,6,35,10,2,6.08,8.18,6.81
327,绿地东海岸国际广场,5,3,10,17,4,4,98420,12,400,200,500,1400,5.5,2.6,5.5,1,1,31.1889,121.706,10,4,10,6,1,1.88,2.2,7.29
334,闻通商务中心,4,2,-1,6,0,0,0,12,0,0,0,0,0,0,0,1,1,31.2253,121.525,23,1,23,22,0,3.45,4,7.76
335,太湖世家国际大厦,4,3,13,25,6,1,42093,20,1000,30,270,1649,3.5,3,9,1,1,31.3532,121.265,5,2,5,4,0,5.07,2.14,2.07
338,银东大厦,4,3,20,31,6,1,52000,22,300,35,163,1530,2.6,2.5,12,1,1,31.2526,121.6,5,0,5,12,0,2.64,3,3.46
339,红星国际广场,5,3,-1,0,6,0,220000,6,0,0,0,0,3.5,0,0,1,1,31.0922,121.515,3,1,3,2,1,1.33,2.4,2.23
343,张润大厦,4,3,2,11,0,0,0,24,0,0,0,0,0,0,0,1,1,31.2216,121.637,2,3,2,3,0,4.87,5.59,4.68
344,隆宇国际商务广场,5,3,7,25,10,2,123555,28,1200,21,500,2305,3.3,2.7,6.9,1,1,31.2489,121.463,23,6,23,31,1,6.08,7.3,5.92
346,城投控股大厦,4,3,8,21,9,1,61346,30,600,20,150,1200,3.2,2.8,6,1,1,31.2525,121.497,56,5,56,43,0,5.88,7.27,7.99
349,万象城,5,3,-1,8,0,0,530000,33,0,0,0,0,4.1,0,0,1,1,31.1756,121.372,7,1,0,1,1,6.08,6.77,6.28
350,芭洛商务大厦,4,3,-1,5,2,0,0,8,0,0,0,0,5.6,0,0,1,1,31.1166,121.422,5,1,5,4,0,2.33,2.36,2.85
351,炬芯研发大楼,4,3,4,9,0,0,41547,15,0,0,0,0,0,0,0,1,1,31.2108,121.592,4,0,4,3,1,3.85,5.76,4.68
356,沪办大厦,2,2,22,21,2,1,75000,3,500,40,80,915,3.3,2.3,4,0,1,31.2974,121.496,24,0,24,13,0,2.36,2.5,3.68
358,康健商务广场,4,3,2,16,5,1,95000,8,400,500,1000,0,5.2,5,0,0,1,31.278,121.381,8,1,8,7,2,3.13,3.26,4.38
359,东辰大厦,4,3,24,24,3,1,26500,24,800,20,120,1278,3.8,2.8,5,1,1,31.2151,121.559,6,0,6,10,1,3.55,4.83,7.23
362,金钟广场,5,3,20,45,8,2,91782,28,2000,0,198,3000,3.5,2.5,10,1,1,31.2311,121.486,43,14,43,22,1,6.59,8,9.28
366,金汇德必易园,5,2,2,9,0,0,0,12.75,0,0,0,0,0,0,0,1,1,31.1815,121.383,10,9,10,8,0,3.24,3.92,6.28
368,中铝大厦,4,3,3,11,0,0,0,36,0,0,0,0,0,0,0,1,1,30.8844,121.409,0,0,0,1,0,6.08,9.5,7.27
369,中房华东大厦,4,2,15,26,2,1,24500,5,300,20,100,900,3,2.8,4,0,1,31.2533,121.458,29,4,29,34,0,2.94,3.23,5.92
370,BHC中环中心,5,3,-1,24,5,0,106575,25,0,0,0,0,4.5,0,0,1,1,31.1645,121.568,2,2,2,0,0,3.45,4.45,3.53
372,互联宝地,5,3,2,5,0,0,0,18,0,0,0,0,0,0,0,1,1,31.2783,121.537,19,1,19,8,1,4.26,5.16,24.11
376,华宜大厦,4,3,9,24,4,2,40413,24.5,1000,50,179,900,4,2.5,8,0,1,31.1884,121.433,13,3,13,11,1,5.07,5.6,5.67
384,金沙商务广场,4,3,10,13,2,1,14300,11.5,500,400,280,956,3.6,2.6,3,1,1,31.2403,121.379,9,2,9,4,1,3.04,3,5.04
387,高尚领域,6,3,-1,33,4,0,1140000,6,0,0,0,0,0,0,0,1,1,31.2581,121.414,7,2,7,2,2,2.64,2.93,4.38
392,中信泰富广场,5,3,19,45,18,2,71300,31.5,1500,100,388,2000,3.5,2.7,12,1,1,31.2342,121.462,35,12,0,32,2,9.13,11.12,8.86
395,昆仑商务中心,5,3,13,12,3,1,17678,4.5,500,70,30,1000,3,2.5,4,1,1,31.2462,121.444,31,5,31,22,1,2.78,3.28,5.94
397,中外运大厦,4,2,20,33,4,0,23000,20,1200,0,147,645,3.6,2.6,6,1,1,31.2398,121.488,72,20,72,88,1,4.56,5.19,7.28
401,强劲大厦,4,3,-1,17,0,0,31041,16,0,0,0,0,6,0,0,1,1,31.1342,121.374,9,2,9,4,1,3.35,4.88,4.81
406,春秋国际大厦,4,3,-1,10,3,0,28000,22,0,0,0,0,3.1,0,0,1,1,31.2181,121.425,38,2,0,15,1,6.61,6.5,6.92
410,港陆黄浦中心,4,3,16,22,3,1,23000,37.4,1000,60,100,678,3.6,2.5,5,1,1,31.2426,121.481,46,18,46,66,1,4.06,4.75,8.57
415,虹桥晶座,4,3,9,9,2,1,16084,15,300,20,100,1879,3.7,2.7,4.2,1,1,31.1829,121.379,14,11,14,6,1,3.85,4.1,6.28
419,华依创新园,4,3,15,3,1,1,13000,7,300,123,0,1221,3.4,2.7,5,1,1,31.2022,121.591,2,0,2,5,0,3.85,4.2,4.68
420,大卫国际大厦,4,2,14,19,4,1,27158,2,500,50,240,1100,3.6,3.4,12,0,1,31.3534,121.267,6,2,0,5,0,1.83,2.12,2.07
422,兰生大厦,4,3,114,32,7,1,59414,29,250,0,220,1243,3.5,2.5,6,1,1,31.2317,121.486,45,13,45,22,1,7.1,9,9.28
424,田林园,4,2,36,6,1,1,7272,2.6,150,45,150,1212,3.2,2.9,5.4,0,1,31.1732,121.411,6,0,0,5,0,2.94,3.3,4.78
426,华能联合大厦,4,3,22,38,6,1,73000,21,1240,10,250,1440,3.6,2.5,4,1,1,31.2446,121.514,21,2,21,11,0,6.59,8.19,13.92
429,裕丰国际大厦,4,3,15,26,3,0,15080,30,1200,80,100,580,3.5,2.5,5,1,1,31.2205,121.441,17,1,17,34,0,3.65,4.95,6.92
432,宝华大厦,4,3,12,24,4,1,28970,30,1200,20,80,1200,3.2,2.6,10,1,1,31.2458,121.445,41,5,41,26,1,4.06,5.57,5.94
433,北科大厦,4,1,15,15,3,0,8115,6,600,60,80,529,3,2.5,3.5,1,1,31.1899,121.432,18,3,18,13,1,3.33,4.21,5.67
436,卓越时代广场,4,3,-1,15,0,0,128676,0,0,0,0,0,3.2,0,0,1,1,31.3417,121.452,20,1,20,7,1,3.28,3.47,2.87
446,加华商务中心,4,2,25,7,4,0,38000,25,1000,20,0,2000,3.6,2.5,5,1,1,31.201,121.431,28,1,0,17,1,4.26,5.25,7.52
447,长江新能源大厦,4,3,-1,11,2,0,9772,25,0,0,0,0,0,0,0,1,1,31.24,121.484,53,18,53,74,1,6.74,6.96,8.57
449,蓝光科技园,4,3,-1,5,2,0,0,0,0,0,0,0,0,0,0,1,1,31.2197,121.644,3,0,3,1,0,3.04,3.23,4.68
452,城汇大厦,4,3,8,19,6,3,31039,31,1600,7,580,1330,3.7,2.7,3.2,1,1,31.2248,121.477,28,10,28,26,2,7.2,8.62,8.77
453,世界贸易大厦,4,3,22,31,9,1,68182,26,1900,30,350,1600,3.8,2.6,19,1,1,31.2383,121.488,62,16,62,82,0,6.08,9.28,8.57
456,上豪大厦,4,3,16,18,2,1,28010,4.5,600,56,25,5000,3.2,2.7,5.5,0,1,31.3002,121.504,15,0,15,6,0,2.95,3.5,4.22
459,众城大厦,4,2,23,25,4,1,36000,19.5,700,60,140,1040,3.5,2.5,5.5,1,1,31.2326,121.532,22,1,22,22,1,4.06,4.67,7.76
460,陆家嘴软件园,4,3,13,6,2,1,550000,30,300,25,80,2000,4.5,3,4.5,0,1,31.2234,121.539,15,0,15,5,1,5.58,7.43,11.33
461,华都大厦,5,3,24,30,6,1,53000,25.2,800,0,150,1320,3.4,2.4,6,1,1,31.2349,121.53,21,4,21,15,1,5.59,6.64,7.76
462,钦汇园,4,2,16,12,2,1,32000,2.6,800,30,139,1200,3.8,3.2,5,0,1,31.1854,121.414,7,0,7,1,0,3.04,4.43,4.78
464,裕安大厦,4,3,24,29,4,1,40000,20.8,800,50,50,1035,3.6,2.5,6,0,1,31.2344,121.531,22,1,22,18,1,4.56,5.65,7.76
465,企业天地,4,3,23,25,14,2,80000,3.8,1600,10,200,1000,3.5,2.8,13,1,1,31.227,121.483,24,10,24,15,1,10.14,13.67,8.77
469,金茂工业园,4,2,13,10,4,2,20000,10,800,20,100,0,3,2.6,5,1,1,31.1771,121.399,6,0,6,3,1,3.04,3.33,4.84
473,华滋奔腾大厦,4,3,-1,24,6,0,101000,19,0,0,0,0,3.5,0,0,1,1,31.3418,121.501,6,1,6,1,1,2.84,2.96,2.63
477,骏利财富大厦,5,2,10,22,3,1,2270,6,500,145,55,1182,3.5,3.5,8,1,1,31.3318,121.451,17,5,17,2,0,3.24,3.2,3.27
481,禾谷文创园,4,3,2,4,1,0,8000,9,0,0,0,0,3.3,0,0,1,1,31.0923,121.519,2,0,0,2,1,1.62,2.25,2.23
488,致远大厦,4,3,16,28,3,1,35000,10,800,0,150,1602,3,2.6,6,1,1,31.2077,121.478,26,0,26,21,2,3.35,4,6.86
489,新梅大厦,4,3,19,21,4,1,25833,16.5,100,10,50,1173,2.4,2.4,10,0,1,31.2511,121.471,22,3,22,26,1,3.24,3.83,5.92
490,华盛大厦,5,3,21,26,6,1,51000,31,1000,0,200,1326,4,2.7,8,1,1,31.2411,121.489,73,19,73,89,1,6.08,7.36,8.57
491,新一百大厦,5,3,21,22,3,1,65726,3.2,1200,25,230,1153,3.5,2.7,3.5,1,1,31.241,121.482,52,16,52,68,1,6,6,8.57
492,慧峰商务大厦,4,3,13,16,1,1,17000,8,800,35,75,3560,4.5,3.3,5.5,1,0,31.1315,121.364,2,0,2,2,0,2.03,2.6,4.81
498,徐汇万科中心,5,3,-1,22,0,0,700000,25,0,0,0,0,4.2,0,0,1,1,31.1644,121.44,4,0,4,6,1,5.07,6.01,4.51
503,鑫达大厦,4,2,22,25,3,1,32586,27,1000,11,50,1292,3.6,2.6,8,1,1,31.2117,121.4,17,1,17,15,0,3.35,3.82,7.31
508,力宝广场,5,3,20,39,8,1,65000,32,162,15,152,1300,3.6,2.6,12,1,1,31.2304,121.482,20,7,20,16,2,8.11,11.07,9.28
511,上海五四大楼,4,2,38,6,0,0,0,0,0,0,0,0,0,0,0,1,1,31.2601,121.465,38,3,0,29,0,1.67,2.4,3.28
512,天汇广场,5,2,6,36,5,0,160000,4,0,0,399,1314,3.15,3,9.5,1,1,31.2526,121.409,16,2,16,12,2,3.55,3.58,4.38
513,绿洲中环中心,4,3,8,24,6,1,31200,17.3,800,128,1327,1300,4.5,2.7,9.6,1,1,31.24,121.388,16,3,16,6,1,4.06,5.41,5.04
515,创新大楼,4,2,19,21,4,1,33066,7.5,600,20,200,1389,3,2.5,10,1,0,31.1767,121.407,22,0,22,1,1,3.55,4.9,4.78
529,生命人寿大厦,4,3,15,41,10,2,90240,25,1300,50,180,2000,3.9,2.7,8,1,1,31.2349,121.527,22,11,0,14,2,5.27,6.16,7.76
533,宝龙大厦,4,2,15,14,4,2,27850,23,200,120,60,1840,3.7,2.7,5,1,0,31.2404,121.484,52,18,52,73,1,7.3,8,8.57
534,龙峰大厦,4,3,15,20,4,1,25000,23,1300,34,156,840,3.3,2.6,8,1,1,31.2148,121.427,35,2,35,14,1,5.58,5.6,6.92
536,555大厦,4,3,21,16,3,1,23592,27.7,110,15,60,1000,3.9,2.7,5,1,1,31.2368,121.473,36,13,36,23,1,5.27,6.55,8.86
541,虹桥万科中心,4,3,-1,0,0,0,123000,33,0,0,0,0,0,0,0,1,1,31.1924,121.334,1,0,1,0,0,5.88,7.79,6.16
547,中区广场,5,3,21,26,8,2,45228,30,150,15,170,1700,3.6,2.6,7,1,1,31.2353,121.477,30,10,30,15,1,8.11,9.19,8.57
548,2577创意大院,3,2,14,2,6,2,40000,12,500,200,50,900,5,3,5.6,0,1,31.1849,121.458,8,1,8,8,0,4.94,6,6.2
551,敦奴大厦,4,3,8,16,2,1,15000,12,650,30,148,1300,3.4,2.8,6,0,1,31.2377,121.392,9,1,9,3,1,4.26,4.1,5.04
555,源创创意园,3,2,9,6,3,1,10000,30,1000,33,33,1800,4.2,2.5,5.5,0,1,31.2389,121.458,30,4,30,35,0,6,7.1,8.86
557,上海科技京城,4,3,22,33,8,2,206000,23.2,800,50,600,1734,3,2.5,13,1,1,31.2454,121.485,47,12,47,46,0,4.56,4.99,8.57
565,歆翱文化创意园,5,2,3,3,0,0,7500,8,0,0,0,0,3.5,0,0,1,1,31.1407,121.315,3,0,3,3,0,2.03,2.28,2.24
570,华一实业大厦,4,2,15,25,3,1,40000,6,350,50,200,1600,3.6,2.6,5,0,1,31.1667,121.4,9,0,9,7,1,3.24,3.68,2.85
571,汇嘉大厦,5,1,22,28,4,1,42200,5,600,0,140,1200,2.5,2.4,4,1,1,31.1985,121.446,24,11,24,25,2,3.64,4.2,7.52
576,福德商务中心,4,3,23,28,6,1,72188,22.5,800,20,100,1000,3,2.5,5,1,1,31.2641,121.49,37,9,37,9,1,2.23,3.63,6.6
582,华鼎大厦,4,3,15,29,4,2,15000,8.5,150,20,193,950,3,2.8,2.7,0,1,31.187,121.439,12,5,12,12,1,3.55,4.08,5.67
583,张江集电港,4,2,18,22,4,1,210000,5,500,200,200,1450,4.2,3.2,10,0,1,31.2295,121.64,2,0,2,3,0,3.35,3.8,4.68
584,隆宇大厦,5,2,15,27,5,2,31533,8,800,40,120,1050,3,2.7,4,1,1,31.2347,121.522,22,11,22,14,2,5.07,6.07,7.76
585,大世界城,5,3,9,15,0,0,13580,15,0,0,0,0,3.8,0,0,1,1,31.2698,121.497,30,3,30,10,1,4.06,4.8,5.89
589,华诚大厦,5,2,22,9,4,1,23000,20,600,0,35,1914,2.8,2.8,4,1,1,31.2341,121.525,29,11,29,20,1,3.85,4.7,7.76
595,静安东贤大厦,4,3,3,27,8,0,41206,28,0,0,0,0,0,0,0,1,1,31.3064,121.462,4,0,4,1,0,4.16,4.56,4.33
599,银鹿大厦,4,3,-1,13,6,0,5000,3.5,100,0,0,0,3.5,0,0,1,1,31.2572,121.521,33,1,33,9,1,2.9,2.75,4.64
600,杰地大厦,4,2,14,17,4,1,19327,10,600,0,134,1400,3,2.6,7,1,1,31.2469,121.425,29,4,0,16,2,3.85,4.34,5.16
602,高登金融大厦,4,3,21,28,6,1,15000,23,1500,0,50,893,3.6,2.7,8,1,1,31.2388,121.497,30,6,30,32,0,7.26,7.91,10.33
604,创智良仓,4,3,4,3,0,0,33000,2,0,0,0,0,5.1,0,0,1,1,31.1577,121.608,0,0,0,0,0,4.06,3.02,2.76
608,龙之梦大厦,4,3,15,26,9,1,1380000,33,2000,200,250,2193,4,2.7,6,1,1,31.217,121.437,23,2,23,32,0,5.58,6.77,6.92
613,尚诚国际,4,3,11,15,4,1,46000,8,800,15,161,725,5.5,2.7,12,0,1,31.2428,121.425,34,5,34,11,2,3.04,6.83,5.16
615,谊华大厦,4,3,-1,13,2,1,10000,18,0,0,0,0,3,0,0,1,1,31.2628,121.491,34,11,34,11,2,5.27,5.2,6.6
617,蓝宝石大厦,4,3,16,22,3,1,15000,12,700,40,100,651,2.6,2.7,5.4,1,1,31.2599,121.48,28,1,28,15,2,3.2,3.15,5.92
620,外滩SOHO,4,3,-1,31,0,0,190000,30,0,0,0,0,3.5,0,0,1,1,31.2359,121.501,27,21,27,11,0,8.11,11.46,10.33
623,金轩大厦,4,3,18,28,3,1,32000,24,400,20,300,900,3.8,3,4,1,1,31.1953,121.446,24,9,24,31,1,3.65,4.3,5.67
624,春申创意园,4,3,-1,5,1,0,25000,8,0,0,0,0,2.8,0,0,1,1,31.1145,121.423,7,1,0,5,0,2.03,2.2,2.85
631,远中产业园,4,2,9,5,2,1,40000,6,300,20,100,1400,4,3,5,1,1,31.1777,121.403,8,0,0,2,1,3.55,0,0
632,中一大楼,4,2,9,7,1,1,0,6.5,1500,0,0,970,2.8,2.6,4,1,1,31.2465,121.491,63,13,63,48,2,6.74,7,10.33
636,绿地创客,4,2,9,5,0,0,0,16,0,0,0,0,0,0,0,1,1,31.2718,121.486,36,7,36,9,0,4.06,4.97,4.38
638,天洁大厦,4,3,7,17,4,1,19985,18,700,30,500,893,4.2,4,9.19,1,1,31.2389,121.407,10,1,10,7,0,4.66,4.9,5.04
642,上海招商局广场,4,3,20,26,16,2,70666,24.8,1600,50,220,1011,3.4,2.4,5,1,1,31.2339,121.473,31,12,31,20,1,5.58,6.76,8.86
644,虹桥国际商务广场,4,3,7,16,6,3,37293,18,680,80,123,2300,3.5,2.7,12,1,1,31.1737,121.39,5,2,5,2,1,5.37,6.73,4.84
645,汇银铭尊,4,3,8,13,3,1,130000,14.5,600,6,245,2050,3.5,2.8,9,1,1,31.2269,121.39,5,2,5,4,0,3.65,4.01,5.04
649,稻盛科研楼,4,3,-1,6,1,0,5600,10,0,0,0,0,0,0,0,1,1,31.2126,121.617,5,1,5,9,0,3.55,3.83,4.68
650,永鼎大厦,4,2,19,12,4,0,25000,15,300,20,30,1987,3.2,2.8,4,1,1,31.305,121.455,10,0,10,6,0,3.55,2.7,4.33
652,万事利大厦,4,3,16,27,4,2,18000,20,1000,20,70,1800,3,2.8,4.5,1,1,31.217,121.49,59,8,59,25,1,3.24,4,5.39
657,界龙总部园,4,3,-1,5,2,0,0,21,0,0,0,0,2.8,0,0,1,1,31.2381,121.563,4,1,0,1,1,5.58,5.63,8.67
660,金城大厦,4,2,14,28,4,1,36400,6,400,10,98,1300,3.8,2.8,4,1,1,31.2501,121.475,19,7,19,16,1,2.84,3.13,5.92
668,香港名都写字楼,4,3,-1,18,3,0,95571,16,0,0,0,0,3,0,0,1,1,31.2278,121.497,32,9,32,18,0,4.26,5.56,5.39
671,国际金融家,2,1,19,30,3,1,31000,4.5,1000,120,500,570,3.8,2.7,12,0,1,31.2286,121.539,19,0,0,10,2,3.1,3.8,11.33
675,近铁城市广场,5,3,6,16,8,2,200000,16,0,0,1200,3500,4.5,0,9,0,1,31.2388,121.388,14,2,14,6,1,5.58,6.24,4.38
676,中友大厦,4,2,15,28,6,2,660000,3.5,400,50,20,1168,3,2.6,4.5,0,1,31.2511,121.416,20,0,20,8,2,2.78,5.69,5.16
679,云仓创意园,4,3,-1,0,0,0,8000,8.8,0,0,0,0,3,0,0,1,1,31.284,121.439,4,3,4,6,0,3.45,3.72,4.91
689,华拓大厦,5,3,6,20,6,2,51367,11.5,260,134,317,5,4.7,4.7,4.5,0,1,31.2649,121.355,11,2,11,5,0,2.33,2.4,9.86
690,蕾特商务中心,4,3,-1,11,2,0,13110,0,0,0,0,0,3.5,0,0,1,1,31.0926,121.521,2,0,2,2,0,1.72,1.88,2.23
691,新长征中环大厦,5,3,15,25,4,1,48092,0.4,500,40,226,1170,3.75,3.8,10,1,1,31.2491,121.387,15,7,15,6,0,3.24,3.37,5.04
692,新金桥广场,5,3,13,18,3,1,37568,18,1300,10,140,830,3.6,2.8,5,1,1,31.2432,121.48,50,9,50,55,2,6.55,6.8,8.57
694,燕兴大厦,2,1,17,29,3,1,33248,3,400,50,20,1500,3.6,2.5,6.9,1,1,31.2525,121.449,19,3,19,16,1,4.06,4.25,5.94
697,新汇园,3,2,-1,11,1,1,0,4.5,200,46,82,1500,3,2.7,5,1,1,31.1842,121.41,6,0,6,2,0,3.55,3.78,4.78
698,永融企业中心,4,3,-1,33,7,0,0,15,0,0,0,0,3.1,0,0,1,1,31.2678,121.495,32,7,32,13,1,2.84,3.73,5.89
701,万科七宝国际,5,3,3,8,3,0,257207,16.8,0,0,0,0,0,0,0,1,1,31.1624,121.354,27,3,27,9,1,3.55,4.66,16.23
702,创智空间,3,2,-1,6,1,1,20000,25,500,30,80,2000,6,5,6,1,1,31.2109,121.606,2,1,2,3,1,5.07,5.8,4.68
703,巨洋大厦,4,3,13,24,4,2,28000,20,900,25,350,1000,3.7,2.7,12,1,1,31.2477,121.541,7,0,7,11,0,4.06,5.03,11.33
706,由度工坊,3,3,8,6,1,1,32100,15,600,50,80,1220,4.5,4,9,1,1,31.2507,121.615,1,0,1,3,0,3.14,3.53,3.46
708,长海商务楼,4,3,-1,5,2,0,0,5,0,0,0,0,3.5,0,0,1,1,31.3153,121.527,23,3,23,11,0,3.38,3.37,24.11
710,安航企业中心,4,3,2,5,0,0,0,2.3,0,0,0,0,0,0,0,1,1,31.2451,121.61,3,1,3,6,0,1.93,2.43,3.46
712,上海华电大厦,4,3,2,23,8,0,43035,35,0,0,0,0,4.5,0,0,1,1,31.1871,121.493,1,0,1,0,1,6.08,7.5,7.27
713,汤米创意园,4,3,2,4,0,0,0,12,0,0,0,0,0,0,0,1,1,31.1629,121.448,7,1,7,1,1,4.56,4.63,4.51
714,创业中心大厦,4,2,23,8,2,0,12000,6.5,500,50,0,1500,4,3,4,1,1,31.1795,121.409,6,0,6,2,1,3.35,3.3,4.78
718,绿地中央广场,4,3,-1,23,0,0,127286,12,0,0,0,0,4.2,0,0,1,1,31.3054,121.461,6,0,0,1,0,4.16,4.89,4.33
719,康琳创意园,3,3,9,8,2,1,13500,6,300,50,70,1700,3.2,2.8,6,0,1,31.173,121.518,3,2,3,2,0,3.04,4.12,6.81
723,晓富金融大厦,4,3,-1,50,14,0,90000,0,0,0,0,0,0,0,0,1,1,31.3577,121.596,2,0,2,5,1,4.06,4.48,2.96
724,北岸长风,5,3,10,19,4,1,290000,11,700,100,700,1500,3.2,3,5,1,1,31.2266,121.402,8,0,8,2,0,3.85,5.24,5.04
729,虹桥丽宝广场,5,3,3,8,9,0,0,30,0,0,0,0,4.3,0,0,1,1,31.1924,121.334,1,0,1,0,0,5.58,6.47,6.16
730,亚洲大厦,4,3,12,21,3,2,25000,27,1600,20,120,860,3.7,2.7,4,1,1,31.2401,121.485,55,18,0,73,1,6.08,6.93,8.57
731,中国石化物资大厦,4,3,-1,15,2,0,0,6,0,0,0,0,3.5,0,0,1,1,31.3483,121.594,13,2,13,9,0,1.32,2.2,2.96
732,运通星财富广场,4,3,8,17,4,0,42000,6,0,0,0,0,0,0,0,1,1,31.2964,121.331,5,2,5,8,0,2.54,2.53,2
734,近铁虹桥中心,4,3,-1,10,6,0,44846,28,0,0,0,0,4,0,0,1,1,31.1848,121.386,7,3,7,11,0,4.56,4.38,4.84
735,巨富大厦,2,3,15,25,2,2,20055,5.3,800,20,150,1800,3,2.4,5.2,1,1,31.2297,121.452,32,11,32,28,1,4,6,9.34
737,振源大厦,4,2,20,26,4,1,23093,15,200,30,35,924,3.5,2.6,3.5,1,1,31.2637,121.398,16,0,16,3,0,3.35,9.62,6.68
738,虹桥正荣中心,4,3,-1,0,0,0,233159,15,0,0,0,0,0,0,0,1,1,31.1924,121.334,1,0,1,0,0,4.06,4.92,6.16
739,光华大厦,4,3,12,10,2,1,13966,5.5,500,100,33,1600,3,2.7,6.8,1,1,31.2166,121.39,8,0,8,8,1,2.94,3.7,4.63
740,中华门大厦,4,2,19,24,2,1,24000,5,600,40,800,1000,3,2.5,4.5,0,1,31.1877,121.432,14,4,14,14,0,3.04,3.38,5.67
743,瑞安广场,5,3,22,26,9,1,78000,29,200,25,271,2300,3.6,2.6,8,1,1,31.2288,121.481,23,6,23,17,2,8.11,10.75,9.28
757,宝华中心,4,3,-1,28,8,0,105586,26,0,0,0,0,3.5,0,0,1,1,31.2859,121.452,6,1,6,2,0,5.07,6.15,4.91
759,东旅大厦,4,3,12,18,5,1,20000,22,1000,20,200,680,3,2.5,4,0,1,31.2217,121.526,26,0,26,18,0,4.06,4.9,6.81
766,兴迪商务大厦,4,3,11,14,2,1,20000,15,350,98,150,1400,2.7,2.7,12,0,1,31.1745,121.397,3,0,3,2,0,3.55,4.5,4.84
767,绿地蓝海,4,3,11,20,5,1,45126,16,1000,100,426,1360,4,3.5,6,1,1,31.1219,121.394,4,4,4,1,0,4.06,5.08,3.29
768,陆家嘴投资大厦,4,3,8,14,6,2,46060,32,1500,14,180,2750,3.1,2.7,6.5,1,1,31.2279,121.537,26,0,26,14,2,6.08,8.5,13.92
769,明天广场,5,3,16,61,9,1,127400,38,150,30,200,4500,4.5,3.7,37,1,1,31.2365,121.476,0,12,0,21,1,7.61,8.78,8.57
777,海益商务大厦,4,3,15,14,3,1,12500,20,800,20,100,888,3.6,3.2,5,1,1,31.2213,121.392,10,0,10,8,1,3.85,4.5,4.88
778,森本大厦,4,2,-1,7,2,0,0,10,0,0,0,0,3.5,0,0,1,1,31.1924,121.449,19,1,19,35,1,4,0,0
780,盛源恒华大厦,4,3,-1,18,2,0,64350,18,0,0,0,0,3,0,0,1,1,31.1934,121.439,18,4,18,16,2,5.88,6.53,5.67
784,光启城,5,3,8,24,4,1,163869,27.5,800,0,1000,2000,3.9,2.7,7,1,1,31.1902,121.435,19,4,0,12,1,5.58,6.85,5.67
787,长青企业广场,4,3,-1,3,8,0,38000,15,0,0,0,0,3,0,0,1,1,31.1589,121.544,4,1,4,5,2,3.55,3.92,4.31
789,昌辉大厦,4,2,-1,4,4,0,62986,0,0,0,0,0,3.5,0,0,1,1,31.2952,121.328,6,2,6,5,0,2.38,2.64,2
795,苏河1号,4,3,10,28,7,1,88000,25,1200,100,358,1915,3.7,2.7,11,1,1,31.2538,121.458,30,4,30,34,0,4.06,5.44,5.92
796,新时空国际商务广场,6,1,15,30,4,2,90567,8,1000,40,80,1336,3,2.7,4,1,1,31.2234,121.424,32,6,32,32,1,2.5,4.9,6.92
797,宝地广场,4,3,7,20,4,1,156400,21,1000,24,700,2000,3.5,2.7,8,1,1,31.2677,121.518,42,3,42,14,1,5.68,6.75,24.11
798,宏慧视界BOX,4,3,3,3,8,0,100000,12.5,0,0,0,0,4.65,0,0,1,1,31.3007,121.465,2,0,2,0,0,3.85,4.04,4.91
800,大宁音乐广场,4,3,-1,0,0,0,145000,0,0,0,0,0,4,0,0,1,1,31.2875,121.45,5,1,5,2,0,5.07,5.3,4.33
810,祥腾财富广场,5,3,9,10,2,1,75452,8,900,400,457,800,5.4,5.4,10,0,1,31.301,121.454,8,0,8,7,1,2.32,4.01,4.33
811,桂平园,4,2,-1,7,4,1,5600,5,350,0,0,1200,3.5,0,0,0,1,31.1764,121.409,8,0,8,2,1,3.14,3.6,4.78
813,晶森商务大厦,4,2,-1,4,2,0,17500,0,0,0,0,0,3.5,0,0,1,1,31.0785,121.404,10,0,10,7,0,1.83,2.21,2.03
821,三和大厦,4,2,21,31,5,2,46124,23.8,400,80,200,1500,3.5,3,5,1,1,31.2349,121.448,35,4,35,27,0,4.5,4.87,5.61
822,安泰大楼,4,3,21,22,6,1,32627,912.6,2000,20,101,1350,4,2.7,8,1,1,31.2129,121.413,20,11,20,15,1,5.58,6.09,7.31
823,东展商业大厦,4,3,15,26,2,1,13000,27,1500,20,50,802,3,2.5,8,1,1,31.239,121.468,32,18,32,21,3,5.07,5.33,8.86
825,廖创兴金融中心,5,3,12,36,8,1,33600,38,1500,18,197,1420,4.3,3,10,1,1,31.2381,121.477,34,14,34,24,1,8.11,10.47,8.57
829,中融恒瑞国际大厦,5,3,14,26,10,1,92344,28,1200,0,340,1500,3.5,3.1,5,1,1,31.2337,121.526,29,11,29,18,1,6.08,7.87,7.76
834,香港新世界大厦,4,3,17,60,11,2,134467,32,1000,312,326,2010,3.1,2.5,10,1,1,31.2294,121.48,23,6,23,18,1,8.11,10.67,9.28
837,上海证券大厦,4,3,22,27,12,2,104000,29.1,1500,27,197,1200,4,2.7,8.5,1,1,31.2421,121.518,30,1,30,21,1,8.11,10,13.92
842,申能国际大厦,4,3,22,28,4,1,40000,30,900,30,118,1700,3.2,2.5,5,1,1,31.2244,121.489,52,10,52,12,1,4.06,4.93,5.39
846,中国人寿金融中心,4,3,2,52,18,0,108000,39,0,0,0,0,4,0,0,1,1,31.2462,121.512,15,1,15,6,1,11.41,13.51,13.92
847,虹桥国际大厦,2,3,13,19,2,1,4500,8,450,80,50,700,3.7,2.7,4,1,1,31.2224,121.415,20,1,20,18,0,3.03,3.7,6.92
855,长宁科技大楼,5,2,24,7,2,1,15000,3.5,400,20,100,2100,3.3,2.6,4,0,1,31.2195,121.403,19,2,19,11,0,2.73,2.6,4.63
858,歌斐中心,4,3,-1,32,12,0,74175,32,0,0,0,0,3.2,0,0,1,1,31.2032,121.489,16,1,16,6,1,6.59,10.72,10.1
859,佳预信息科技大厦,4,3,8,10,12,4,77682,15,500,126,300,0,0,0,0,1,1,31.1509,121.336,4,0,4,4,0,3.04,3.71,2.24
860,置汇谷,4,2,-1,7,2,1,13000,15,300,10,30,2000,3.3,2.8,5,0,1,31.2891,121.494,20,1,20,13,1,4.06,4,3.68
862,碧云中心,4,3,4,15,0,0,0,12.7,0,0,0,0,0,0,0,1,1,31.2626,121.579,9,1,9,2,0,5.07,5.5,3.46
867,新梅联合广场,5,3,13,38,10,2,110000,30,1200,20,213,1200,2.7,2.7,8,1,1,31.2353,121.523,26,10,26,13,2,9.13,10.26,7.76
869,海泰大厦,4,3,10,0,2,1,47800,1.2,450,26,54,0,3,2.6,4,1,1,31.2613,121.536,30,0,0,6,0,5.07,4.3,4.64
875,静安新业坊,3,3,3,2,0,0,75000,15,0,0,0,0,4.8,0,0,1,1,31.2354,121.455,32,5,32,16,0,4.06,5.16,8.36
884,同和凤城巷,4,3,2,5,1,0,10000,0.55,0,0,0,0,3.5,0,0,1,1,31.2798,121.532,8,0,8,10,0,3.65,4.17,3.64
889,浦东嘉里城,5,3,9,43,18,2,230000,30,1300,120,1200,2100,4,2.7,4,1,1,31.2185,121.569,8,3,8,8,1,7.61,8,7.23
894,永达国际大厦,4,3,11,23,6,1,48026,28,900,30,210,1700,2.9,2.9,12,1,1,31.2114,121.57,6,1,6,5,0,6.9,9,7.23
896,大上海时代广场,5,3,19,30,8,3,93259,34.5,1200,20,92,1250,3,2.5,5,1,1,31.2308,121.485,37,14,37,20,1,8.11,10.52,9.28
898,东方国际大厦,4,3,22,16,4,1,47000,25,400,45,150,1620,3.6,2.5,12,1,1,31.2111,121.409,13,4,13,11,0,2.07,5.45,7.31
899,华源世界广场,4,3,22,32,4,1,42700,25,800,20,50,1200,3.2,2.7,4.5,1,1,31.2559,121.439,21,1,21,13,1,2.84,3.42,3.77
901,香港广场,5,3,21,38,16,2,140000,32,1600,0,450,1272,3.6,2.5,5,1,1,31.2295,121.481,23,6,23,20,2,7.1,9.47,9.28
914,龙湖虹桥天街,4,3,5,9,1,0,425219,30,0,0,0,0,0,0,0,1,1,31.1924,121.334,1,0,1,0,0,4.56,8.17,6.16
918,东银中心,4,3,11,30,5,2,85000,30,1200,40,370,1450,4,2.8,13,1,1,31.204,121.406,8,4,8,14,1,8.11,9,7.31
922,光启文化广场,4,3,7,14,4,1,36929,24,1500,17,120,1750,3.5,2.7,5.8,1,1,31.1918,121.448,17,2,17,32,2,5.25,6.49,5.67
926,上海滩国际大厦,5,3,22,29,9,2,50000,24,130,175,175,1602,3.8,2.7,5,1,1,31.2511,121.498,45,2,45,40,0,5.37,6.12,7.99
928,上海国际研发总部基地,3,3,7,5,2,0,109543,10,0,181,613,1800,3.7,0,3.7,1,1,31.3217,121.416,3,2,3,0,1,2.64,3.13,2.79
932,虹桥南丰城,5,3,5,36,9,0,143471,40,0,0,0,0,3.6,0,0,1,1,31.2135,121.414,23,12,23,13,1,6.08,6.72,7.31
936,汇银大厦,4,2,-1,27,3,0,0,29,0,0,0,0,0,0,0,1,1,31.2374,121.469,35,15,35,28,4,6.59,9.5,8.86
937,D1国际创意空间,3,3,18,7,2,2,20841,6,500,200,300,500,4.2,4.2,7,1,1,31.1946,121.449,23,3,0,35,1,4.26,5.73,5.67
940,华润时代广场,5,3,114,34,8,1,98807,32,1200,0,140,1216,3.6,2.5,10,1,1,31.2327,121.524,28,11,28,16,1,7.1,8.89,7.76
941,均瑶国际广场,4,3,16,17,9,2,75000,25,1000,30,150,2385,3.8,2.6,12,1,1,31.2047,121.455,21,0,21,17,1,4.87,6.4,7.52
945,龙之梦雅仕大厦,4,3,8,34,12,2,85680,33,1200,58,600,2100,2.7,2.7,8.5,0,1,31.2218,121.423,36,4,36,34,1,7.1,9.36,6.92
946,嘉华中心,5,3,14,45,17,1,86202,35,1500,105,220,1895,3.7,2.8,4.5,1,1,31.2221,121.463,27,7,27,34,1,8.11,11.75,10.3
948,大宁德必易园,3,3,7,4,4,1,25000,15.7,300,150,0,4300,3.5,0,8,0,1,31.2803,121.456,14,2,14,5,0,4.04,4.86,4.91
949,华旭国际大厦,4,3,11,20,4,1,30132,28,1800,0,80,1333,4,2.7,6,1,1,31.2398,121.483,53,17,53,71,1,7.61,10.59,8.57
951,永华大厦,4,3,24,28,4,1,32000,30,1000,80,123,1100,2.4,2.4,4,1,1,31.2443,121.521,28,1,28,17,0,5,7,13.92
953,中设广场,4,3,2,23,6,0,68061,19,0,0,0,0,4.5,0,0,1,1,31.3264,121.502,7,0,7,1,0,2.74,2.83,2.63
956,新华大厦,2,1,17,14,2,1,38000,20,150,250,0,1885,3,3.1,4,0,1,31.2105,121.429,20,1,20,13,0,3.24,3.5,7.18
960,寰启商务园,4,3,-1,9,3,0,0,6,0,0,0,0,0,0,0,1,1,31.0912,121.525,1,0,1,3,0,1.72,2.35,2.23
961,绿洲大厦,6,2,22,25,4,2,15000,4.8,800,108,70,495,3.5,2.5,4,1,1,31.2198,121.419,32,3,0,34,2,12.23,10.56,6.92
962,虹桥国际商务花园,4,3,-1,5,2,0,28000,18,0,0,0,0,3.5,0,0,1,1,31.2336,121.364,10,2,10,2,0,4.66,4.6,4.63
971,苏河汇,3,2,10,5,2,1,9868,15,600,25,50,1986,3.9,3.6,4.8,0,1,31.2347,121.429,21,5,21,13,2,4.06,4.5,5.16
975,财富108广场,4,3,15,27,5,1,96158,11.5,600,264,356,1200,3.7,2.7,8.33,1,1,31.1408,121.369,8,1,0,3,1,3.56,489.53,16.23
978,浦江高科技园,4,3,8,5,4,1,180000,3.5,600,20,150,1370,3,2.6,5,0,1,31.0935,121.425,3,0,3,0,0,1.72,1.72,2.23
982,嘉亭大厦,4,3,7,12,4,1,12533,0,0,0,0,1520,4.5,0,4.5,0,1,31.2932,121.169,15,2,15,4,2,3.95,3.94,2
985,莘乔商务楼,4,2,-1,3,1,0,12000,5,0,0,0,0,3.5,0,0,1,1,31.1139,121.37,7,3,7,2,0,2.55,2.5,3.29
990,世和中心,4,3,9,13,6,2,81407,23,500,200,400,1800,3.6,2.7,5,1,1,31.2186,121.633,2,3,2,4,0,4.06,4.98,4.68
992,七建大厦,4,2,21,19,3,2,27000,16,500,300,50,1500,2.8,2.5,5,1,1,31.1903,121.434,20,3,20,13,1,4.06,5.9,5.67
994,欧西玛创新园区,2,3,2,4,2,0,0,12,0,0,0,0,0,0,0,1,1,31.146,121.353,6,0,6,2,0,2.64,3.27,16.23
1003,锦城大厦,4,3,24,26,3,1,69000,10,1000,50,300,800,2.8,2.6,4,0,1,31.2301,121.536,24,0,24,22,2,2.83,3.77,11.33
1005,凯龙莘庄商务园,4,3,-1,8,0,0,22759,6,0,0,0,0,0,0,0,1,1,31.0815,121.395,1,0,1,0,0,2.54,2.99,2.03
1007,中铁中环时代广场,5,3,7,16,16,6,214227,13.5,800,100,1300,1802,4.2,2.8,10,1,1,31.3037,121.449,8,0,8,4,0,3.24,3.53,4.33
1013,证大五道口广场,4,3,14,20,8,2,106000,30,1000,20,507,2140,4,2.7,10,1,1,31.233,121.556,3,2,3,3,1,7.1,8.8,8.67
1014,瑞金花园商务楼,4,3,21,28,2,1,20000,19.5,150,70,0,895,3,2.6,0,0,1,31.2129,121.471,29,0,29,29,2,3.65,4.03,6.86
1016,福维克大厦,4,3,15,9,2,1,12000,8,500,75,300,1380,3.2,2.5,3.8,1,1,31.1739,121.396,2,0,2,2,1,4.26,4.96,4.84
1017,永升大厦,4,3,15,26,4,1,36000,20,72,20,40,1700,3.3,3.3,5.5,1,1,31.1889,121.434,15,3,15,11,1,4.56,5.72,5.67
1020,峻岭广场,4,3,23,38,8,1,30000,26.9,1000,0,40,1000,3.6,2.5,5,1,1,31.2383,121.474,35,14,35,21,2,3.35,3.6,8.57
1025,环球都会广场,4,3,-1,0,0,0,0,0,0,0,0,0,0,0,0,1,1,31.165,121.456,12,0,0,6,0,6.08,7.23,7.27
1027,恒地仓国际大厦,5,3,8,10,4,1,19867,25,500,10,480,1500,5.55,5.5,11,0,1,31.1732,121.432,18,1,18,7,0,7.61,7.5,4.78
1030,申虹国际大厦,4,3,9,8,10,1,32000,15,500,32,280,3600,3.6,3.2,7,1,1,31.2007,121.329,9,1,9,3,2,6.39,6.23,6.16
1032,信达大厦,2,2,21,25,3,1,38000,25.2,1300,20,30,1300,3,2.6,5,1,1,31.2337,121.455,37,8,37,13,1,4.06,4.5,8.11
1034,万众大厦,4,2,22,10,2,1,14000,18,1000,20,20,1100,3,2.5,5,1,1,31.2168,121.433,39,4,39,25,0,4.16,4.1,6.92
1035,我格广场,5,3,11,27,4,1,109900,32,1800,20,200,1576,3.8,2.7,6,1,1,31.2441,121.43,23,3,23,14,0,5.07,5.82,5.16
1042,133世界广场,4,3,3,12,0,0,0,17,0,0,0,0,0,0,0,1,1,31.3281,121.533,19,3,19,3,0,2.84,3.47,3.25
1043,湘江大厦,4,3,21,19,2,1,19000,2.5,500,15,0,1000,3,2.5,3,0,1,31.1991,121.425,19,2,19,15,1,3.04,3.03,6.92
1044,炫润国际大厦,4,2,14,9,2,1,10800,12,600,50,0,1200,3.7,2.7,5,1,1,31.1831,121.392,7,3,7,13,0,3.04,3,4.84
1046,云海大厦,4,2,21,24,4,2,26586,25,1300,15,35,1023,3.5,2.6,3.5,1,1,31.2181,121.456,24,6,24,29,2,2.94,6.48,10.3
1047,新城控股大厦,4,3,-1,20,6,0,34620,28,0,0,0,0,3,0,0,1,1,31.2317,121.401,6,0,6,5,0,5.07,5.8,5.04
1048,上海九星虹桥商务中心,4,3,3,8,4,0,67000,29,0,0,0,0,4.3,0,0,1,1,31.1924,121.334,1,0,1,0,0,4.56,5.42,6.16
1051,安联大厦,4,3,2,27,0,0,0,31,0,0,0,0,0,0,0,1,1,31.2674,121.521,16,0,16,9,1,5.58,11.03,5.63
1052,震旦国际大楼,4,3,17,38,10,1,102517,36,1800,26,233,2400,4,2.7,5,1,1,31.2402,121.506,11,3,11,7,1,10.14,14,13.92
1053,佑越国际,4,3,2,8,5,0,24400,16,0,0,0,0,4.5,0,0,1,1,31.2108,121.592,4,0,4,3,1,4.06,4.8,4.68
1054,宏汇国际广场,4,3,8,23,12,2,94700,28,800,31,592,1680,2.7,2.7,9,1,1,31.1931,121.428,17,2,17,13,0,6.08,6.86,5.67
1055,景鸿大厦,4,3,19,21,3,1,30000,16,600,80,150,940,3.4,2.7,4,0,1,31.1882,121.432,13,3,13,12,1,4.26,4.82,5.67
1057,东海广场,4,3,-1,0,2,0,35800,18,0,0,0,0,0,0,0,1,1,31.2325,121.456,30,10,30,20,1,3.04,7.88,8.86
1061,中新传媒大厦,5,3,3,19,4,0,51632,22,0,0,0,0,3.9,0,0,1,1,31.2622,121.617,6,1,6,6,0,4.07,4,3.46
1062,时代金融中心,4,3,12,48,20,2,111038,33.6,1600,200,400,2350,3,2.8,8,1,1,31.2467,121.513,16,1,16,7,1,10.14,13.6,13.92
1063,静安设计中心,3,3,-1,3,0,0,2500,15,0,20,0,0,3.5,0,0,1,1,31.2286,121.447,23,3,23,27,0,6.08,8.4,9.34
1064,世纪商贸广场,4,3,15,45,18,2,87300,37,1600,0,300,2200,4,3,10,1,1,31.2218,121.453,25,5,25,26,1,9.13,11.15,10.3
1066,华商时代广场,5,3,10,6,2,1,130000,13.3,8000,35,504,822,5.2,3,5.5,1,1,31.1704,121.349,14,12,14,8,0,2.89,4.43,16.23
1068,凤凰大厦,4,3,15,24,5,1,46000,7.5,800,122,1200,1700,3,2.8,8,1,1,31.1676,121.404,11,0,11,11,1,3.55,4.5,5.82
1069,玉嘉大厦,2,1,22,20,2,1,19800,57,800,20,100,1200,3,2.6,6,1,1,31.215,121.439,14,1,14,30,0,3.55,4.18,6.92
1070,徐汇商务大厦,4,2,10,21,4,1,36000,10,600,15,100,878,3,2.5,4,1,1,31.1919,121.439,21,4,0,16,2,3.55,4.67,5.67
1071,凤凰大厦,4,3,15,8,4,1,25000,7.5,800,122,1200,1700,3.9,2.8,8,1,1,31.2808,121.52,40,4,40,10,2,3.55,3.34,3.64
1074,新桥大厦,2,2,23,18,3,1,19000,15,900,6,50,1000,3,2.6,5,0,1,31.2461,121.473,33,4,0,21,2,3.67,4.05,5.39
1081,盛创企业家园,4,3,6,5,2,1,2000000,3.5,150,35,70,1000,4.9,4.5,3.5,0,1,31.4065,121.281,2,0,2,2,0,1.4,1.59,2.07
1083,长江软件园,3,3,7,6,9,0,68352,6,0,230,0,10000,3.5,2.9,6,0,1,31.3399,121.492,31,5,31,7,0,2.74,2.66,2.63
1086,东亚银行金融大厦,4,3,11,42,12,1,91361,32,1500,50,385,2000,4.2,2.8,10,1,1,31.2397,121.512,17,2,0,16,1,10.14,14.43,13.92
1090,东吴证券大厦,4,3,9,20,4,2,14548,24,1000,26,24,727,3.3,2.2,5,1,1,31.2145,121.493,38,7,38,33,1,5.38,6.13,5.39
1091,中展大厦,4,2,-1,16,3,0,0,10,0,0,0,0,0,0,0,0,1,31.1335,121.361,3,0,3,2,0,3.04,3.49,4.81
1092,枫林国际大厦,4,3,-1,36,12,0,52000,28,0,0,0,0,2.7,0,0,1,1,31.1976,121.464,22,1,22,17,1,5.58,6.35,6.2
1103,东方环球企业中心,4,3,10,15,6,2,210000,6,500,1000,1500,1312,4,2.8,9,0,1,31.2952,121.455,4,0,0,1,1,3.54,3.74,4.33
1105,银座企业中心,4,3,12,19,3,1,20000,18,1400,150,100,950,3.2,2.7,8,1,1,31.2488,121.449,31,5,31,28,2,5.88,7.16,5.94
1107,坤阳国际商务广场,5,3,22,18,5,2,36000,12,200,30,180,1017,3,2.7,6,1,1,31.2047,121.452,22,0,22,18,1,4.06,5,5.64
1109,恒盛大厦,4,3,13,6,2,1,7300,24.5,400,20,60,1034,3.1,2.6,5,0,0,31.2489,121.468,25,7,25,13,1,5.07,5,4.33
1111,申乐大厦,4,1,-1,32,2,1,21000,3.5,0,0,0,600,3.7,2.9,5.3,1,1,31.2298,121.449,29,6,29,26,1,3.24,3.6,9.34
1112,远东大厦,4,2,15,18,4,1,30000,21,1000,0,197,5800,2.5,2.5,4,1,1,31.2349,121.524,25,11,25,14,2,4.66,6.11,7.76
1114,虹梅国际广场,5,3,2,12,0,0,0,27,0,0,0,0,0,0,0,1,1,31.1762,121.423,13,0,13,8,1,4.06,5.83,4.78
1120,新华园,5,3,9,9,4,2,50000,12,400,400,0,2200,2.7,2.7,5,1,1,31.2727,121.451,23,1,23,8,0,3.55,3.49,5.92
1121,尚大国际,5,3,7,5,8,3,51035,10,0,300,0,90,4.5,4,5.4,0,1,31.3221,121.414,3,2,3,1,1,3.04,3.02,2.79
1123,歆翱创意园,4,3,10,4,0,0,0,5,0,0,0,0,0,0,0,1,1,31.1549,121.569,8,0,8,8,0,1.22,2,7.29
1125,普罗娜商务广场,4,3,5,9,2,0,0,18,0,0,0,0,3.5,0,0,1,1,31.2422,121.375,6,2,6,14,1,3.55,4.5,5.04
1127,中福世福汇,6,3,16,26,5,3,23000,10,1200,20,155,800,3,3,8,1,1,31.2382,121.491,63,11,63,68,1,6.08,6,7.28
1129,腾飞浦汇大厦,4,3,7,24,8,2,42000,29,1800,10,180,1700,3.2,2.8,8,1,1,31.2403,121.491,72,21,72,76,1,8.11,10.01,8.57
1130,金航大厦,4,2,14,21,3,1,15000,24,1200,0,61,680,3.6,2.5,4.5,1,1,31.231,121.45,32,7,32,23,1,5.58,5.5,9.34
1132,九新商务大厦,5,3,13,15,2,1,16279,6,300,50,50,1020,3,2.8,6,0,1,31.139,121.324,10,0,10,7,0,2.03,2.8,2.24
1133,骏丰国际财富广场,5,3,10,27,6,1,52000,19.8,1000,0,202,1300,4,3,10,1,1,31.2795,121.509,26,3,26,9,1,3.95,4.8,4.44
1135,海洋大厦,4,3,17,29,10,1,50345,29,1600,0,202,1927,3.8,2.6,14,1,1,31.2367,121.488,60,12,60,71,1,6.9,9.74,8.57
1136,科苑大楼,4,2,18,15,1,1,10000,6,400,50,100,578,4,2.7,4.2,0,1,31.2144,121.594,5,0,5,3,0,4.44,6.43,4.68
1138,一百杉杉大厦,4,3,-1,26,4,0,50000,22,0,0,0,0,3,0,0,1,1,31.2277,121.536,27,0,27,16,2,4.06,0,0
1140,华京商务大厦,4,2,9,13,3,1,11509,15,800,19,62,1232,3.5,2.8,6.6,0,1,31.1866,121.428,14,1,14,13,0,3.95,5.77,4.78
1143,荣欣大厦,4,2,20,24,2,1,29000,2.8,300,65,100,1100,3.2,2.5,4,1,1,31.2668,121.49,36,10,36,11,2,3.24,3.16,6.6
1144,淮云大厦,4,2,21,16,2,1,13080,23,1000,0,0,770,3.5,3.2,4.5,0,1,31.2322,121.488,45,11,45,21,1,2.92,4.05,9.28
1147,世纪汇广场,4,3,-1,32,0,0,360000,35,0,0,0,0,3.5,0,0,1,1,31.2326,121.535,21,0,21,19,2,10.14,13.7,11.33
1150,兴业太古汇,4,3,3,6,0,0,114000,46,0,0,0,0,3.4,0,0,1,1,31.2338,121.469,33,13,33,28,3,10.14,14.48,8.86
1157,天科国际大厦,4,2,10,17,5,1,16000,15,600,300,165,1000,3.8,2.8,5.8,1,1,31.2663,121.539,35,1,35,13,0,2.94,3.5,4.64
1158,东方大厦,4,2,22,17,3,1,52000,15,300,80,100,2500,3.6,3,4,0,1,31.231,121.539,17,0,17,13,1,4.16,4.7,11.33
1159,银洲国际商务大厦,4,3,10,6,2,0,8400,12,400,52,25,1200,4.5,4,4,1,1,31.1906,121.382,11,2,11,5,0,2.74,2.8,4.84
1160,闵欣大厦,4,3,7,9,4,1,22750,6,300,150,300,1320,3,0,5,0,1,31.132,121.36,4,0,4,2,0,2.43,2.8,4.81
1169,中海国际中心,5,3,2,32,0,0,0,38,0,0,0,0,0,0,0,1,1,31.218,121.483,56,7,56,21,2,7.91,10.6,10.1
1171,H88越虹广场,4,3,-1,19,8,0,56432,25,0,0,0,0,3,0,0,1,1,31.1763,121.417,7,0,0,2,0,5.48,6.53,4.78
1179,未来资产大厦,4,3,12,31,12,1,86547,35,1800,29,368,1867,4,2.8,6,1,1,31.2411,121.507,11,3,11,9,1,8.62,12.26,13.92
1182,明基广场,4,3,7,8,3,1,0,25,300,0,0,2000,3.6,2.6,6,1,1,31.2274,121.368,18,3,18,2,1,4.26,6,4.63
1186,国正中心,4,3,4,25,0,0,96592,20,0,0,0,0,0,0,0,1,1,31.314,121.513,9,1,9,6,1,4.87,5.45,24.11
1197,宝山万达广场,5,3,7,18,4,2,295000,12,400,200,300,2000,5.4,3.6,5.2,1,1,31.3302,121.453,13,6,13,2,0,2.84,3.44,3.27
1198,钦江园,4,2,9,6,0,0,0,3.3,0,0,0,0,0,0,0,1,1,31.1803,121.406,10,0,10,2,1,4,4.21,4.78
1199,寰启商务大厦,4,3,4,9,2,0,0,6,0,0,0,0,3.5,0,0,1,1,31.0945,121.529,2,0,2,2,0,1.93,1.9,2.23
1201,海上海,5,3,13,22,4,1,120000,12.8,800,100,390,1588,5,5.3,6,1,1,31.2716,121.514,28,7,28,6,0,3.77,4.03,5.34
1203,新宝科创园,4,3,4,9,0,0,10821,11,0,0,0,0,3.4,0,0,1,1,31.3991,121.479,0,0,0,2,0,2.33,2.41,2.63
1204,莲花大厦,4,2,15,18,4,1,18000,7,400,30,300,1000,3.6,2.6,5,1,1,31.1683,121.401,7,0,7,7,1,3.55,4.13,4.78
1210,中国石化大厦,4,2,20,29,4,1,30000,4,200,36,200,1360,3,2.6,8,1,1,31.25,121.544,5,0,5,8,0,2.53,2.65,8.67
1219,绿地同创大厦,4,2,15,31,2,1,26000,8,600,30,500,800,3,2.6,5,0,1,31.2384,121.428,20,3,20,6,2,2.97,7.23,5.16
1221,现代物流大厦,4,3,15,15,4,1,38130,23,300,50,100,1500,3,2.5,7,1,1,31.1829,121.416,12,0,12,1,0,3.35,3.89,4.78
1222,海螺大厦,4,2,12,26,2,2,19617,25.9,240,55,50,1509,3.5,3,4,1,1,31.1982,121.426,28,4,28,16,0,4.06,4.23,6.92
1232,瑞丰国际大厦,4,3,12,28,5,1,64948,26,800,20,305,1517,3.5,2.5,5,1,1,31.2568,121.522,29,1,29,5,1,6.08,6,7.99
1236,远东国际广场,4,3,19,31,6,1,93060,25,1050,388,100,3028,2.8,2.5,7.8,1,1,31.2122,121.407,13,6,13,16,0,5.58,6.57,7.31
1237,中建大厦,4,3,11,37,14,2,95600,32,1350,18,348,2500,3,2.7,6,1,1,31.2299,121.54,15,0,15,9,2,8.11,9.79,11.33
1239,海通证券大厦,4,3,17,35,8,1,65000,25,1850,0,200,1500,4,2.7,5.4,0,1,31.2368,121.485,44,16,44,57,2,5.58,7.3,8.57
1242,星云经济区,3,3,-1,3,0,0,130000,3,0,0,0,0,3.6,0,0,1,1,31.2805,121.402,5,0,0,4,0,1.83,2,4.38
1244,中融信托大厦,4,3,-1,0,4,0,41206,25,0,0,0,0,2.8,0,0,1,1,31.3048,121.464,3,0,3,0,0,4.36,5.06,4.33
1246,杨浦商城,5,3,22,28,4,1,56000,16,200,0,150,1300,3.5,2.5,5,1,1,31.2801,121.52,36,4,36,10,2,3.55,4.85,5.63
1249,全方位科技园,4,3,3,6,0,0,54200,6,0,0,0,0,6,0,0,1,1,31.0657,121.428,0,0,0,0,0,1.62,1.97,2.03
1251,和一大厦,2,3,19,26,4,1,55000,30,300,15,35,900,2.6,2.8,3,1,1,31.2412,121.461,23,6,0,23,0,3.55,3.97,8.86
1255,晶耀前滩,4,3,18,28,0,0,0,32,0,0,0,0,0,0,0,1,1,31.1576,121.482,0,2,0,1,0,6.08,9,7.29
1258,虹桥叶迪商务园,5,3,2,13,0,0,0,10,0,0,0,0,0,0,0,1,1,31.1981,121.281,0,0,0,1,0,2.43,3.33,3.28
1263,灿虹聚富大厦,4,2,14,9,2,1,17400,9,250,0,0,1100,3.45,0,0,0,1,31.1826,121.394,11,3,11,10,0,3.04,3.8,4.84
1269,汇达商务园,4,2,8,5,4,2,14548,12,300,30,160,1606,3.9,3.6,4.8,0,1,31.1478,121.455,8,0,8,3,0,2.89,3.21,6.2
1272,财富国际广场,4,3,13,26,8,1,101700,19,300,65,1000,1494,3.3,2.6,8,1,1,31.294,121.525,13,6,0,12,0,2.94,3.73,24.11
1273,春之声大厦,4,3,12,18,3,1,13248,18,300,10,80,728,3.4,2.5,5,1,1,31.24,121.418,21,3,21,10,1,4.26,5,5.16
1274,虹桥汇,5,3,3,9,0,0,0,33,0,0,0,0,0,0,0,1,1,31.1924,121.334,1,0,1,0,0,5.68,6.24,6.16
1277,国家开发银行大厦,4,3,19,44,19,2,81000,25,1660,0,200,1380,3.5,2.6,5,1,1,31.243,121.517,25,1,25,15,1,7.6,8.85,13.92
1280,新金桥大厦,4,3,21,39,10,1,60000,22,1200,120,100,1800,4,2.5,12,1,1,31.2516,121.598,5,1,5,10,0,3.35,3.43,3.46
1281,金汇四季广场,4,3,-1,11,4,0,33000,16,0,0,0,0,0,0,0,1,1,31.1875,121.38,15,8,15,5,1,4.26,4.48,6.28
1286,交运巴士大厦,4,3,-1,6,2,0,0,5,0,0,0,0,4,0,0,1,1,31.1897,121.511,7,0,7,4,1,4.66,5.1,5.93
1287,天宝华庭,4,3,15,22,2,1,41000,4,300,50,100,800,3,2.6,4,0,1,31.2782,121.505,30,3,0,9,2,3,3.2,4.44
1289,新漕河泾国际商务中心,4,3,9,36,12,2,188294,25,600,70,846,1700,4,3.2,9.5,1,1,31.169,121.413,10,0,10,9,1,4.66,6.04,4.78
1293,圣御大厦,4,2,12,12,2,1,7000,6,300,22,80,1034,4,2.8,10,0,1,31.2156,121.619,1,0,1,7,0,3.04,3.2,4.68
1294,东方金融广场,5,3,8,23,8,2,115328,28,1250,30,400,2400,4.5,2.7,14.5,1,1,31.2361,121.529,23,6,23,14,1,7.61,9,7.76
1309,平高世贸中心,5,3,8,26,5,0,87731,8,0,0,0,0,3.8,0,0,1,1,31.0125,121.242,19,5,19,18,0,2.33,3.5,2.93
1315,建工大唐国际大厦,4,3,-1,22,2,0,126000,29,0,0,0,0,4.2,0,0,1,1,31.2136,121.569,7,4,7,9,3,7.61,9.6,7.23
1316,歆翱国际电商大厦,4,3,4,12,2,0,24000,6,0,0,0,0,3.5,0,0,1,1,31.2383,121.309,1,0,1,0,0,1.93,1.85,9.86
1317,歆翱智慧谷,4,2,2,6,0,0,0,5,0,0,0,0,0,0,0,1,1,31.0786,121.428,2,0,2,0,0,1.7,1.83,2.03
1319,新宏大楼,2,1,29,10,1,1,150000,2,200,20,10,450,2.7,2.7,3.9,0,1,31.2762,121.503,27,1,27,10,1,3.89,3.15,5.89
1321,新华保险大厦,4,3,7,18,8,2,22000,28,1600,26,170,1180,3.8,3.5,9,1,1,31.2542,121.506,15,2,15,12,1,5.88,7,7.99
1323,金桥大厦,5,2,18,28,4,2,36859,30,1000,60,120,1868,3.2,2.8,5.2,1,1,31.2094,121.414,15,3,15,13,0,2.54,3.1,7.31
1325,文渊楼,4,3,-1,6,2,0,0,12,0,0,0,0,3,0,0,1,1,31.3092,121.419,10,0,10,4,1,3.04,3,2.79
1326,麦腾智慧天地,4,3,-1,7,4,0,20000,0,0,0,0,0,2.8,0,0,1,1,31.2452,121.613,1,1,1,6,0,2.84,3.17,3.46
1332,铭光商务楼,4,3,-1,4,1,1,3600,0,700,26,0,900,4.5,4,7,0,1,31.219,121.436,27,2,27,26,0,3.55,4.55,6.92
1336,尚品都汇,4,3,-1,8,7,0,54713,18,0,0,0,0,4.25,0,0,1,1,31.2323,121.363,9,1,0,2,0,4.56,4.7,4.63
1337,SOHO天山广场,4,3,3,31,9,0,171154,38,0,0,0,0,3.2,0,0,1,1,31.2159,121.415,27,7,27,15,1,6.08,6.93,7.31
1341,壹丰广场,4,3,8,35,7,1,76389,28,1500,27,196,1403,2.84,2.8,10,1,1,31.2583,121.49,50,14,50,19,1,5.58,6.75,6.6
1342,世界广场,5,3,21,38,12,1,63599,25,1500,40,333,1674,2.55,2.8,16,1,1,31.238,121.521,19,7,19,18,2,6,6.98,7.76
1343,汇亚大厦,4,3,14,37,14,2,78870,31.6,1500,0,340,2390,4.5,2.8,6,1,1,31.2466,121.511,14,2,14,5,1,9.13,13.25,13.92
1346,吴中商务大厦,4,2,14,10,2,1,18000,12.7,600,20,60,2000,4.3,2.8,6,0,1,31.1822,121.393,10,3,10,11,0,3.04,3.2,4.84
1348,汇峰大厦,2,3,21,13,3,0,7850,1.9,400,100,150,550,3,2.6,5.8,0,1,31.194,121.447,21,4,21,33,1,3.24,3.38,5.67
1349,亚龙创业园,4,3,2,10,0,0,0,20,0,0,0,0,0,0,0,1,1,31.288,121.458,8,1,8,4,1,3.55,3.66,3.27
1354,华鑫天地,5,3,-1,9,6,0,58122,27,0,0,0,0,3.5,0,0,1,1,31.1746,121.414,11,0,11,5,1,4.56,6.06,4.78
1355,华亭科技大厦,4,3,-1,0,0,0,0,6,0,0,0,0,0,0,0,1,1,31.1349,121.334,9,2,9,10,0,2.64,2.4,2.24
1356,会德丰国际广场,4,3,9,61,24,1,100000,40,1800,60,492,2100,4.2,3,9,1,1,31.228,121.451,25,10,0,24,1,10.95,14.3,9.34
1363,绿地汇中心,5,3,6,20,6,2,88349,27,0,693,0,0,4.5,0,0,1,1,31.1711,121.464,1,0,1,0,2,5.07,5.71,6.2
1364,光明大厦,4,3,27,30,6,1,23070,30,600,0,36,769,3.5,2.6,4,1,1,31.2376,121.499,32,17,32,20,1,7.23,7.67,10.33
1368,世贸商城,5,3,23,30,10,2,280000,31,600,100,500,2100,4,2.6,9.5,1,1,31.2075,121.408,8,3,8,14,1,5.07,5.9,7.31
1369,旺旺大厦,4,3,12,20,4,1,30000,30,1800,15,155,1100,4,2.8,8,1,1,31.2339,121.469,30,14,30,27,3,6.9,7.67,8.86
1370,高宝新时代广场,5,3,22,28,4,1,49379,22.5,900,0,200,1000,3.35,2.5,3.5,1,1,31.263,121.49,33,9,33,11,1,5.07,5.84,6.6
1376,张江润和国际总部园,4,3,13,6,1,1,91454,4.9,699,150,600,1630,3.6,2.8,4.59,1,1,31.1935,121.614,1,0,1,0,0,4.06,4.65,4.68
1377,红星世贸大厦,4,3,10,29,3,1,30000,12,0,300,800,2600,3,2.8,5,1,1,31.2431,121.392,16,0,16,2,0,3.55,4.05,5.04
1378,上海国际设计中心,4,3,9,25,4,1,46000,17.8,1000,10,210,800,4.4,3.8,11,1,1,31.2926,121.508,8,0,8,2,1,3.85,4.3,4.22
1379,金嘉商务广场,4,3,-1,16,6,0,73028,6,0,0,0,0,3.6,0,0,1,1,31.3497,121.262,5,1,5,2,0,1.52,1.59,2.07
1380,启华大厦,4,3,30,24,3,1,12000,20,520,10,30,408,3.8,2.7,3.5,1,1,31.2172,121.455,22,6,22,21,2,5.07,6.3,10.3
1392,华盛科技园,4,3,-1,5,2,0,0,5,0,0,0,0,2.8,0,0,1,1,31.1995,121.628,0,0,0,3,0,4.07,4.79,4.68
1394,力国大楼,4,2,10,10,2,1,12000,12,250,40,66,1200,3.6,3,6.2,0,1,31.1667,121.355,15,2,15,8,0,3.24,5.2,16.23
1395,永谊大厦,4,3,4,16,5,0,23711,12,0,0,0,0,3.75,0,0,1,1,31.3452,121.44,21,2,21,2,1,2.94,3.07,2.87
1397,中航天盛广场,4,3,-1,0,5,0,97850,17.8,0,0,0,0,4.4,0,0,1,1,31.3148,121.517,7,1,7,8,1,5.37,6.37,24.11
1401,嘉地中心,6,3,8,63,8,2,171506,31,1200,60,1010,2100,3.4,2.8,3.2,1,1,31.2374,121.463,35,12,35,49,2,8.11,12.18,8.11
1405,老码头创意园,3,2,12,7,2,0,20000,30,800,100,74,600,4,3.5,6.6,0,1,31.2247,121.512,7,2,7,1,0,5.07,6.5,10.33
1411,华鑫中心,4,3,-1,19,0,0,175000,27,0,0,0,0,0,0,0,1,1,31.1799,121.421,23,1,23,7,1,4.06,6,4.78
1414,永银大厦,4,2,18,28,3,1,10000,33,1200,50,100,1002,3.6,2.6,7,1,1,31.2302,121.487,34,12,34,17,1,7.3,9.6,9.28
1415,白金湾广场,4,3,8,20,6,1,33856,28,1300,0,174,1042,3.9,3.2,6.5,1,1,31.256,121.513,19,2,19,14,1,3.33,6.2,7.99
1418,同和国际大厦,4,3,-1,18,3,0,23000,11,0,0,0,0,3.3,0,0,1,1,31.3142,121.515,9,1,9,6,1,5.02,4.52,24.11
1419,左岸88,3,2,7,9,2,1,20000,4.5,400,120,50,1200,3.5,3,5.6,0,1,31.2224,121.529,31,0,31,18,0,3.55,5.5,6.81
1422,龙裕财富中心,4,3,8,11,3,1,12500,20,1000,50,392,1160,1.05,2.8,8.55,1,1,31.2389,121.407,10,1,10,7,0,4.26,5,5.04
1430,东方蓝海国际广场,5,2,8,24,5,1,170000,30.8,800,780,220,0,3.6,2.8,5,1,1,31.297,121.527,14,8,14,15,0,4.06,5.46,24.11
1432,大来大楼,4,3,-1,8,2,0,7369,37,0,0,0,0,3.5,0,0,1,1,31.2397,121.497,39,5,39,39,0,7.4,8.9,10.33
1435,静安新时代大厦,5,3,18,20,2,1,18071,30,1200,50,20,724,3.6,2.4,3,1,1,31.2365,121.467,33,15,33,34,3,6.08,6.74,8.86
1441,中西大厦,4,3,6,20,3,0,18000,15,800,27,100,800,3.6,2.6,3,0,1,31.2258,121.438,21,0,21,16,2,4.46,4.55,6.92
1444,百乐门大都会,4,3,-1,12,3,0,0,30,0,0,0,0,0,0,0,1,1,31.2289,121.451,29,9,29,27,1,6.67,8.49,8.86
1448,福兴大厦,5,2,21,16,4,1,24000,20,700,0,50,1200,3,3,4,1,1,31.2345,121.526,28,11,28,18,2,4.06,4.38,7.76
1452,同普大厦,4,3,9,9,4,2,27703,10,400,38,79,2600,3.6,2.6,5,0,1,31.2383,121.377,2,0,2,2,0,3.24,3.56,5.04
1453,万科时一区,5,3,-1,9,3,0,254000,33,0,0,0,0,3.6,0,0,1,1,31.1924,121.334,1,0,1,0,0,3.8,4.73,6.16
1454,时亦商务大厦,4,3,2,9,2,0,27000,5,0,0,0,0,3,0,0,1,1,31.0441,121.257,1,1,1,6,0,1.52,1.6,2.75
1458,上海跨国采购中心,5,3,-1,0,5,0,50607,28,0,0,0,0,4.2,0,0,1,1,31.2389,121.407,10,1,10,7,0,4.57,5.98,5.04
1460,上海华侨大厦,5,3,114,26,4,1,26000,26,150,35,45,800,3.8,2.5,5,1,1,31.2263,121.45,21,3,21,22,1,4.36,4.3,9.34
1461,中土大厦,4,3,22,27,4,1,27000,15,800,60,180,1000,3.2,2.8,5,1,1,31.2605,121.47,41,3,41,32,0,3.24,3.6,4.33
1463,复城国际,5,3,11,18,4,1,150000,18,1000,83,125,1400,3.5,2.7,7,1,1,31.2958,121.498,18,0,18,15,0,3.04,3.35,3.2
1468,优房商务中心,4,2,-1,4,2,0,0,8,0,0,0,0,3.5,0,0,1,1,31.1517,121.35,4,0,4,4,1,2.22,2.35,16.23
1473,上海电子物联产业园,3,3,12,5,6,3,130000,3,1000,300,280,2000,3.6,3.2,5.5,1,1,31.1063,121.45,1,1,1,0,0,1.62,1.87,2.85
1474,中汇大厦,4,2,19,8,4,1,17247,30,1500,39,0,2200,3.5,2.4,8,1,1,31.2364,121.493,58,17,58,56,1,4.46,6,5.39
1483,金融街海伦中心,4,3,-1,32,0,0,168000,0,0,0,0,0,0,0,0,1,1,31.2638,121.495,36,5,36,6,1,6.08,7.25,5.89
1486,龙湖北城天街,5,3,2,16,0,0,0,4.5,0,0,0,0,0,0,0,1,1,31.3663,121.368,1,0,1,0,1,2.32,2.25,2.07
1487,漕河泾康桥商务绿洲,4,3,-1,12,3,0,500000,7.3,0,0,0,0,4.2,0,0,1,1,31.1344,121.612,1,0,1,0,0,2.64,3.35,2.76
1489,长发大厦,4,2,17,30,2,1,24000,23,500,15,200,182,5,2.6,5.4,0,1,31.2341,121.475,31,11,31,16,0,4.09,4.07,8.57
1494,快易名商,4,3,16,8,3,1,30000,8,600,100,45,705,3.2,2.8,4.3,1,1,31.2164,121.486,59,6,59,27,1,5.03,0,0
1497,光大安石中心,4,3,2,6,0,0,0,10,0,0,0,0,0,0,0,1,1,31.2624,121.521,35,1,35,15,1,6.39,6.35,5.34
1499,绿地风尚天地,5,3,8,28,4,1,121986,11,300,200,724,1925,3.65,3.2,3.8,1,0,31.3287,121.451,18,4,18,2,1,3.04,3.59,3.27
1501,沪西德必易园,3,2,-1,5,1,0,15000,10.5,0,0,0,0,4.29,0,0,1,1,31.2728,121.404,3,0,3,2,2,2.94,3.2,4.38
1503,福建天安大厦,4,3,21,28,3,2,42067,19,500,35,128,2000,3.4,2.8,5,1,1,31.2588,121.596,10,0,10,16,0,3.04,3.36,3.46
1510,华通大厦,2,2,20,26,0,1,27400,30,300,50,100,800,18,2.8,4.5,0,1,31.2416,121.453,28,4,0,20,1,3.45,3.4,8.86
1514,德昌园,4,2,6,4,0,0,0,15,0,0,0,0,0,0,0,1,1,31.2634,121.531,30,0,30,7,0,3.75,4,4.64
1521,滨江2250,3,2,14,6,1,1,15000,4.5,400,90,240,1500,3.5,3.5,4,1,1,31.2105,121.52,10,2,10,5,0,3.55,3.8,6.81
1525,九安广场,4,3,26,11,6,1,30000,8.5,1200,100,140,2500,3,2.7,3.5,1,1,31.2329,121.456,34,9,34,29,1,4.87,5.1,9.34
1529,七星创业园,4,3,-1,0,0,0,54000,0,0,0,0,0,0,0,0,1,1,31.1324,121.375,9,3,9,4,0,2.94,3.15,4.81
1530,上海阿波罗大厦,4,3,24,6,2,1,7200,28,150,20,150,930,3,2.4,3,1,1,31.2279,121.454,24,9,24,25,1,6.08,0,0
1532,悦达国际大厦,4,3,14,26,2,2,24159,6.8,850,82,65,1100,3,2.7,5.5,0,1,31.2369,121.434,20,5,20,13,3,3.85,4.42,5.94
1535,展想广场,4,3,7,20,8,2,62240,25,400,160,508,2741,4,2.8,9,0,1,31.2161,121.635,3,2,3,4,0,5.58,6.15,4.68
1537,上海国际集团大厦,4,3,18,23,4,1,15335,30,150,34,68,1310,3.6,2.6,4,1,1,31.2328,121.468,36,15,36,30,3,7.23,7.56,8.86
1538,华晔创意园,3,3,23,6,8,1,230000,5,400,50,52,1200,3.6,2.8,5.8,0,1,31.2207,121.537,17,1,17,9,1,4.06,4.48,11.33
1539,上海数字产业园,4,3,-1,10,3,0,70507,19,0,0,0,0,2.8,0,0,1,1,31.2055,121.52,18,1,18,11,0,4.56,5.45,6.81
1543,上海地产大厦,4,3,19,26,2,1,15127,2.7,200,0,120,593,3.4,2.5,5,1,0,31.2226,121.46,33,7,33,34,2,7.1,8.88,10.3
1547,七莘红点城,4,3,3,25,0,0,0,23,0,0,0,0,0,0,0,1,1,31.14,121.37,7,1,7,2,1,3.85,4.4,4.81
1549,锦科文化产业园,4,3,5,10,0,0,0,15,0,0,0,0,0,0,0,1,1,31.1404,121.621,3,0,3,3,3,2.64,2.81,2.76
1550,金钟大厦,4,2,24,9,3,1,12000,24,2000,20,50,1100,3.8,2.5,7.5,0,1,31.2058,121.455,19,0,19,24,2,5.97,6.08,7.52
1552,上海世茂大厦,4,3,1,27,0,0,0,36,0,0,0,0,0,0,0,1,1,31.2289,121.524,25,4,25,16,0,7.3,9.57,7.76
1554,东风商务园区,4,3,-1,0,0,0,0,4,0,0,0,0,0,0,0,1,1,31.2099,121.425,23,1,23,10,0,3.35,0,0
1555,浦发大厦,4,3,114,11,11,2,72959,35,1500,50,250,1663,3.9,2.7,18,1,1,31.2409,121.518,26,1,26,18,1,8.1,10.27,13.92
1568,环线广场,4,2,22,29,2,1,20000,2.5,450,60,300,500,3.3,2.6,4.3,0,1,31.1865,121.432,14,4,14,13,0,2.84,3.7,5.67
1572,四行仓库创意园,3,2,20,5,1,1,43000,20,600,20,150,200,4.3,4.3,6,0,1,31.246,121.475,38,6,38,26,2,4.56,5.25,5.92
1580,万宝国际商务中心,4,2,24,5,2,1,20000,24,800,30,50,3025,2.6,2.4,4,0,1,31.2113,121.427,22,1,22,12,1,5.07,5.83,7.18
1583,腾飞大厦,4,3,15,30,7,2,59000,28,1500,20,300,1273,3.5,2.5,8,1,1,31.1944,121.449,22,3,22,36,1,6.08,7.93,5.67
1588,春申江大厦,4,2,22,18,3,1,20480,25,1200,0,100,1115,4,2.5,5,1,1,31.236,121.479,31,11,31,20,1,4.56,5.5,8.57
1597,斯米克大厦,4,3,22,22,6,1,10000,24,1200,100,580,600,2.6,2.5,6,1,1,31.2363,121.527,24,11,24,15,2,4.36,5.42,7.76
1600,科海大楼,4,3,3,11,2,0,38840,13.72,0,0,0,0,3,0,0,1,1,31.1843,121.612,4,0,4,2,0,3.24,8.2,4.68
1606,新虹桥中心大厦,4,3,21,36,8,1,86300,29,1200,60,150,1611,3.6,2.6,5,1,1,31.2102,121.409,13,3,13,10,0,5.07,6.41,7.31
1608,梅龙镇广场,5,3,21,37,9,1,120000,32,1500,80,300,1540,3.6,2.4,6,1,1,31.2348,121.463,34,14,34,38,2,9.13,10.08,8.86
1610,华宁国际广场,4,3,11,28,6,3,64922,13,1200,50,100,808,3.5,2.5,4,1,1,31.2237,121.429,25,6,25,13,0,4.56,5.17,6.92
1613,古北国际财富中心,4,3,11,15,5,1,40000,28,1400,14,191,1454,4,2.8,6,1,1,31.2033,121.41,9,6,9,8,1,7.1,15.35,7.31
1619,宁谷商务大厦,4,2,7,18,3,1,28153,15.8,600,0,400,1500,3.25,3.2,6,1,1,31.1428,121.414,12,4,12,3,0,3.24,4.2,5.16
1627,绿地M-TOWN,4,3,3,17,0,0,127316,4.8,0,0,0,0,4.5,0,0,1,1,31.2108,121.592,4,0,4,3,1,4.06,4.92,4.68
1633,青慧谷,4,3,-1,4,3,0,0,4.5,0,0,0,0,3.8,0,0,1,1,31.2089,121.556,7,0,7,3,0,3.24,4.2,7.23
1638,金光外滩中心,5,3,17,50,21,2,190000,38,200,64,499,2200,3,2.6,21,1,1,31.2375,121.494,59,21,59,48,1,8.11,10.13,10.33
1639,堡尼中心,4,3,8,11,3,1,11730,13.5,600,100,1000,1238,4,3.2,6.6,1,1,31.3027,121.448,6,0,6,5,0,4.06,4.1,4.33
1640,齐来大厦,4,2,10,24,5,1,180000,8,600,40,150,1280,3.8,2.8,4.5,0,1,31.1776,121.411,5,0,5,1,0,3.55,4.23,4.78
1643,科技绿洲,4,3,5,8,10,6,240000,15,0,200,1700,3000,4.5,4.2,5.5,1,1,31.1702,121.398,3,0,3,2,0,4.56,6,4.84
1646,华清大厦,4,3,12,15,4,1,21000,24,200,30,70,1024,3.8,2.8,10,1,1,31.2847,121.445,8,4,8,1,0,4.11,4.48,4.91
1647,绿洲广场,4,2,19,28,2,1,60000,5.8,800,10,0,1000,3,2.7,4,0,1,31.2422,121.421,27,5,27,7,3,2.64,3.25,5.16
1650,航汇大厦,4,3,2,15,0,0,80000,30,0,0,0,0,3.2,0,0,1,1,31.169,121.465,0,0,0,0,4,5.58,5.4,6.2
1651,东方世纪大厦,4,3,16,24,3,1,28203,20,600,23,200,900,3.6,2.6,7,1,1,31.2119,121.404,12,1,12,12,0,3.85,4.83,7.31
1652,新上海国际大厦,4,3,22,44,7,1,81000,28,1100,80,180,1500,3.4,2.6,6,1,1,31.2446,121.516,21,1,21,11,0,8.11,9.52,13.92
1653,东苑丽宝广场,5,3,-1,0,3,0,55000,25,0,0,0,0,0,0,0,1,1,31.1148,121.384,26,11,26,15,0,4.06,4.6,3.29
1655,汇智创意园,3,2,-1,7,1,1,15700,15,550,70,0,2240,3,2.8,5,0,1,31.2422,121.445,41,2,0,27,2,3.24,3.6,5.61
1658,华生大厦,2,3,18,20,4,1,18000,6,600,120,20,900,3.5,3,6,1,1,31.2516,121.446,21,4,21,19,1,3.55,3.35,5.94
1661,海尚杰座,5,3,13,16,3,1,20000,3.5,400,40,160,900,3.6,2.8,8,1,1,31.3007,121.541,15,0,15,3,1,3.21,3.68,24.11
1669,外滩华融大厦,4,3,22,12,6,1,0,21,1500,200,80,690,4.2,2.7,4.8,0,1,31.237,121.5,30,20,30,19,0,7.57,7.9,10.33
1670,虹桥国际科技广场,4,3,9,9,5,1,95637,24,600,32,426,2600,3.6,2.8,4,1,1,31.2262,121.358,7,1,7,3,0,4.56,4.5,4.63
1671,汇阳广场,5,3,-1,21,2,5,101155,28,0,7,500,0,0,0,5.8,1,1,31.1806,121.44,21,2,21,12,2,4.87,5.11,5.67
1672,嘉和国际大厦,4,2,13,28,5,1,24080,18,960,118,80,966,4,3.5,5,1,1,31.2754,121.485,31,7,31,9,1,6.18,7.32,6.5
1676,东方众鑫大厦,4,3,16,31,5,1,32579,25,150,20,90,1285,3.6,2.6,7,1,1,31.2353,121.465,33,17,33,41,3,7.1,9.09,8.11
1678,智慧湾科创园,5,3,3,7,0,0,42000,0.45,0,0,0,0,3.6,0,0,1,1,31.3511,121.441,7,1,7,0,0,2.54,2.81,2.87
1683,曹安国际商城,5,3,13,10,4,4,6288,8,300,2000,3000,60,5.5,5.5,5.3,1,1,31.2593,121.368,12,4,12,11,0,1.3,1.35,9.86
1684,银亿滨江中心,4,3,-1,20,0,0,64308,0,0,0,0,0,4.2,0,0,1,1,31.2032,121.519,21,3,21,13,1,4.06,5.25,5.93
1688,东方国际科技大厦,4,3,-1,20,6,1,44652,19.6,800,0,257,1572,3,2.5,4,1,1,31.2297,121.537,23,0,23,16,2,4.36,5.2,11.33
1702,金玉兰广场,5,3,22,23,4,1,30000,27,1100,0,422,1500,2.8,2.7,6,1,1,31.2112,121.476,27,0,27,29,1,3.85,5.5,6.86
1704,欧银集心大楼,4,3,-1,11,0,0,0,0,0,0,0,0,3.3,0,0,1,1,31.1166,121.422,5,1,0,4,0,2.84,3.35,2.85
1708,北美广场,4,3,9,23,6,1,75224,22,1000,22,400,1360,4.1,3,14,1,1,31.2661,121.52,27,0,27,11,2,5.27,6,5.44
1711,惠扬大厦,4,3,14,25,2,1,0,4.5,400,60,160,1500,2.7,2.6,5,1,1,31.2484,121.54,7,0,7,11,0,2.54,5.5,13.92
1712,证大立方大厦,4,3,12,21,6,1,40000,19,1200,148,148,1807,3.6,2.7,6,1,1,31.2312,121.559,5,3,5,5,1,6.08,7.73,8.67
1713,上海出版大楼,4,3,18,20,2,2,18000,18,600,50,200,900,3.8,2.8,3.5,1,1,31.1674,121.436,12,2,12,13,0,3.04,3,4.78
1716,莱茵·虹桥中心,4,3,9,9,3,1,8000,18,300,35,48,2800,4,4,4.5,0,1,31.1864,121.386,9,3,9,12,0,3.35,3.52,4.84
1717,莘东置业大厦,4,3,8,12,3,1,37595,6,800,150,300,1000,3.6,2.8,5,1,1,31.1128,121.368,4,3,4,1,0,2.23,2.69,3.29
1718,中海万锦城,5,2,7,20,4,1,123200,5.8,300,50,300,1400,4.2,5.5,3,0,1,31.2573,121.468,40,5,40,39,1,2.38,4.36,5.92
1720,华虹科技园,4,3,15,5,2,1,26000,22,250,50,100,1900,5,3.5,8,0,1,31.2134,121.592,4,0,4,3,0,3.65,4.3,4.68
1721,都市总部大楼,4,3,13,24,8,2,49000,31.5,1820,0,167,2103,4.2,2.7,12,1,1,31.2368,121.484,38,13,38,55,2,8.31,13,8.57
1722,恒隆广场,4,3,18,66,17,4,202007,38,150,50,500,1800,4,2.7,15,1,1,31.2338,121.461,30,13,30,28,1,10.14,13.49,8.86
1726,越洋广场,5,3,12,43,16,2,200000,35,2500,0,400,2600,4.5,3,10,1,1,31.2295,121.454,30,10,30,27,1,10.14,0,0
1727,科恩国际中心,5,3,19,29,5,1,50000,30,1200,20,56,1487,3,2.7,7,1,1,31.231,121.463,33,9,33,44,1,4.76,5.2,8.86
1729,安利大楼,4,2,36,7,1,1,3216,3.5,500,0,0,300,3,2.8,4.5,0,0,31.2433,121.495,44,12,44,40,1,7.1,6,10.33
1731,上海国际汽车城大厦,4,3,-1,0,6,1,32125,18,0,26,200,1000,2.7,2.7,0,1,1,31.2879,121.172,1,0,1,2,0,2.44,1.77,2
1735,珠江创意中心,4,3,10,21,6,2,62339,17,0,0,0,0,3.5,0,0,1,1,31.2898,121.456,8,1,8,2,1,4.06,4.75,4.91
1745,丽琴大厦,4,3,10,10,3,1,20008,7,300,30,70,2000,3.8,2.8,10,0,1,31.0685,121.427,2,0,2,1,0,1.73,2.2,2.03
1750,甘泉德必易园,4,3,-1,3,0,0,8000,10.5,0,0,0,0,2.8,0,0,1,1,31.2654,121.432,15,2,15,5,1,2.84,3,3.28
1751,泰康保险大厦,4,3,4,41,0,0,0,40,0,0,0,0,0,0,0,1,1,31.2373,121.521,21,9,21,16,2,9.13,13.67,13.92
1752,方正大厦,4,3,14,25,3,1,37714,19,600,50,150,1500,4,2.8,12,1,1,31.259,121.618,6,1,6,6,0,2.84,3.03,3.46
1754,333世纪大厦,4,3,-1,22,0,0,38908,29,0,0,0,0,3,0,0,1,1,31.2125,121.569,8,2,8,7,1,7.61,8.7,7.23
1755,静安中华大厦,4,3,14,30,5,1,41982,24,1200,15,150,1300,3.6,2.7,6,1,1,31.2361,121.461,31,11,31,40,1,5.88,6.8,9.34
1757,新桥商务中心,5,3,6,9,6,0,0,15,0,0,0,0,3.5,0,0,1,1,31.1742,121.394,3,2,3,2,1,3.85,4.08,4.84
1758,大众大厦,5,2,22,19,3,1,22800,24,600,0,30,1200,3.2,2.7,6,1,0,31.1934,121.43,23,3,23,12,1,4.97,5.16,5.67
1759,中国煤炭大厦,4,3,18,28,4,1,60000,24,1000,20,100,1200,3,2.8,6,1,1,31.2291,121.535,23,0,23,20,2,5.07,6.4,11.33
1760,淮海中华大厦,4,2,16,28,6,1,41982,8,1500,0,76,1275,2.8,2.4,10,1,1,31.236,121.479,31,11,0,20,1,3.55,5.68,8.57
1761,合川大厦,4,3,13,13,4,2,39000,16,350,50,450,3000,3.2,2.8,5,0,1,31.1726,121.392,3,0,3,4,1,3.55,4,4.84
1763,新梅华东大酒店,6,3,26,20,3,1,25000,21,1000,50,80,1000,3.8,3,9,0,1,31.2527,121.464,34,7,0,30,1,4.26,4.46,5.92
1764,中一国际商务大厦,4,3,10,25,5,1,39144,19.5,1200,15,200,1100,4,2.7,10,1,1,31.2568,121.472,32,1,32,38,1,4.87,5.3,6.68
1765,城市新汇,4,3,9,12,3,1,22000,13.8,300,300,104,550,4,3.7,5.6,1,1,31.3237,121.454,19,1,19,2,1,3.85,4.03,3.27
1770,万科2049创意汇,2,3,6,4,2,1,22464,16,350,148,0,4493,3.1,2.7,5,0,1,31.1628,121.523,4,0,4,0,1,3.59,4.5,6.81
1776,新长征商务大厦,4,3,15,18,2,1,25076,15,400,100,68,1007,3.5,2.6,10,1,1,31.2476,121.391,16,4,16,3,0,3.04,3.17,5.04
1780,泛太大厦,4,3,26,6,6,1,35400,30,300,110,200,1000,2.7,2.4,4.5,1,1,31.2169,121.434,41,2,0,31,0,2.84,3.8,6.92
1781,新宝中心,4,3,-1,14,3,0,0,12,0,0,0,0,3.9,0,0,1,1,31.3397,121.298,6,0,6,2,0,2.53,2.72,2.11
1782,宝矿国际大厦,4,3,14,50,8,1,205080,26,1500,20,220,1765,3.5,2.5,5,1,1,31.2545,121.497,61,3,61,41,0,5.27,6.04,7.99
1786,创富大厦,4,1,-1,4,2,0,0,5,0,0,0,0,3.5,0,0,1,1,31.2643,121.519,39,1,0,15,1,3.7,0,0
1790,市北高新技术服务园区,3,3,-1,0,0,0,0,8,0,0,0,0,0,0,0,1,1,31.3112,121.457,15,2,15,3,1,2.84,3.68,4.33
1795,乐凯大厦,5,2,23,28,5,2,43500,18.7,300,25,300,987,2.45,2.6,4.5,1,1,31.2365,121.525,25,11,25,16,2,4.26,5,7.76
1796,桂中园,4,1,21,6,2,2,20000,2.6,300,300,0,1400,4.3,2.6,4.2,1,1,31.175,121.409,9,0,9,1,1,3.04,3.72,4.78
1798,鼎力创意园,4,3,2,7,0,0,0,10.5,0,0,0,0,0,0,0,1,1,31.1878,121.436,11,5,11,10,0,4.56,4.66,5.67
1799,新城大厦,4,2,21,25,3,1,20883,22.8,1500,25,20,680,2.9,2.8,4,1,1,31.2369,121.461,32,11,32,45,1,3.85,3.8,8.11
1800,中城国际大厦,4,3,-1,27,4,0,19300,30,0,0,0,0,0,0,0,1,1,31.1992,121.436,20,2,20,20,0,7.61,8.5,7.52
1801,长春藤运通大厦,5,3,16,19,2,1,15512,30,1200,10,92,1242,3.6,2.6,5,1,1,31.2372,121.467,32,15,32,28,3,6.19,8.03,8.11
1802,创邑金沙谷,4,2,11,4,3,1,23000,5,500,12,80,6,4.5,4.2,9,0,1,31.2415,121.39,14,1,14,5,1,3.35,5.4,5.04
1803,泓毅大厦,4,3,8,13,4,1,22000,15,350,200,150,2200,3.9,2.4,5,0,1,31.1749,121.394,3,1,3,3,1,4.06,4.71,4.84
1810,绿地能源大厦,4,3,10,24,6,2,25480,25,800,600,300,1500,2.7,3.2,10,1,1,31.3047,121.528,13,5,13,10,0,3.04,1795.7,24.11
1812,SOHO东海广场,4,3,11,50,10,3,80000,30,1660,20,117,1450,4,2.7,10,1,1,31.2331,121.455,35,10,35,18,1,7.1,8.89,8.86
1814,新茂大楼,4,2,17,15,4,1,32200,3.8,500,300,600,1500,3.8,3,10,1,1,31.1717,121.436,21,2,21,17,1,3.55,4.46,4.78
1816,健康智谷,4,3,-1,0,2,0,25000,22,0,0,0,0,3,0,0,1,1,31.2898,121.455,8,0,0,2,1,3.55,3.73,4.33
1817,芳华德必运动LOFT,3,3,2,3,0,0,0,12.8,0,0,0,0,0,0,0,1,1,31.201,121.56,12,2,12,6,1,4.06,6,7.23
1822,长城大厦,4,3,10,44,15,2,116043,25,1000,130,550,1760,4,2.8,9.5,1,1,31.2444,121.422,29,4,29,11,4,5.58,6.44,5.16
1823,东方国信商务广场,5,3,-1,5,3,0,51000,21,0,0,0,0,5.8,0,0,1,1,31.2361,121.362,9,1,9,1,0,4.56,5.5,4.63
1826,中骏广场,4,3,2,6,0,0,0,6,0,0,0,0,0,0,0,1,1,31.1924,121.334,1,0,1,0,0,4.44,5.83,6.16
1829,悟锦世纪大楼,4,3,11,8,3,1,17908,26,1200,0,70,2234,4,2.9,4.5,1,1,31.2235,121.459,36,7,36,33,1,7.1,8.48,9.28
1837,星创科技广场,4,3,3,11,8,0,86000,0.01,0,0,0,0,4.2,0,0,1,1,31.2108,121.592,4,0,4,3,1,5.07,5.54,4.68
1839,蓝天大厦,4,3,11,27,5,1,44000,24,800,50,176,863,3.6,2.6,5,1,1,31.3034,121.523,21,17,21,15,1,3.85,4.8,24.11
1847,富海商务苑,4,3,14,6,2,1,26716,10,500,0,360,4000,3,2.6,3.5,1,1,31.1903,121.592,1,0,1,1,0,3.04,3.5,4.68
1850,上海海湾大厦,6,2,20,32,6,1,43957,22,1300,20,158,1629,3.8,2.6,4,1,1,31.2501,121.498,40,1,40,42,0,3.85,0,0
1851,上海投资组合中心大厦,4,2,12,8,1,1,10500,25,800,0,0,1500,3.3,2.6,5,0,1,31.2607,121.49,45,14,45,14,2,4.36,4.8,6.6
1853,飞雕商务大厦,6,2,14,22,2,1,14000,8.8,700,0,170,750,3.5,2.5,5,1,1,31.2383,121.435,20,4,20,17,3,2.98,3.5,5.94
1854,维多利亚大厦,4,2,23,32,2,1,17500,10,150,260,80,500,3.7,2.7,3.5,0,1,31.202,121.403,9,10,9,11,1,5.07,6.2,7.31
1857,锦延大厦,2,2,24,25,2,1,8000,10,600,22,56,330,2.8,2.6,4,0,1,31.2289,121.461,29,8,29,27,0,3.56,4.17,8.86
1859,中星城,5,3,6,21,6,1,26300,28,0,0,800,1555,4.2,2.7,10,1,1,31.1667,121.433,12,1,12,9,0,5.07,5.69,4.51
1861,凌空SOHO,3,3,-1,11,60,0,350000,24,0,0,0,0,4.7,0,0,1,1,31.228,121.36,6,1,6,3,0,4.56,5.55,4.63
1864,齐鲁大厦,4,3,23,28,6,3,46000,18,600,0,65,1435,3.6,2.6,10,1,1,31.2321,121.533,22,1,22,22,1,7.61,7.16,11.33
1871,印坊创意园,4,3,2,3,0,0,0,15,0,0,0,0,0,0,0,1,1,31.2723,121.532,17,2,17,3,1,3.24,4.17,5.44
1874,国立大厦,4,3,19,24,4,1,33000,27,1000,120,55,1179,3.6,2.5,4,1,1,31.2337,121.454,37,8,37,14,1,4.97,5.6,9.34
1876,兆丰环球大厦,4,3,21,28,7,1,67666,20,1000,50,340,2093,3.6,2.5,8,1,1,31.1898,121.431,18,3,18,13,1,5.07,6.13,5.67
1878,开开大厦,4,2,21,30,6,1,0,27,300,0,156,1300,2.45,2.7,4,1,1,31.2346,121.435,27,6,27,17,2,3.85,4.16,5.61
1879,世宏金源中心,4,3,-1,26,6,0,130000,22,0,0,0,0,4,0,0,1,1,31.1308,121.373,7,2,7,2,0,3.55,4.11,4.81
1881,浦江国际金融广场,5,3,-1,38,6,0,119000,32,0,0,0,2000,4.3,2.8,0,1,1,31.2571,121.517,34,2,34,14,1,6.59,7.98,7.99
1886,尚光徐汇中心,4,3,3,15,5,0,98700,12,0,0,0,0,4.5,0,0,1,1,31.193,121.435,18,3,18,18,1,6.08,7.98,5.67
1889,国际航运金融大厦,6,3,20,15,10,2,125000,28,680,20,362,2803,3.4,2.6,12,1,1,31.246,121.531,17,0,17,24,1,7,8.41,11.33
1891,中环科技园,4,3,-1,13,3,0,22000,10,0,0,0,0,0,0,0,1,1,31.116,121.433,3,2,3,1,0,2.33,2.48,2.85
1892,台尚创意园,5,3,4,2,0,0,23000,12,0,0,0,0,5.5,0,0,1,1,31.1697,121.353,15,6,15,6,0,3.35,3.37,16.23
1893,大宁商务中心,4,3,2,23,0,0,48000,30,0,0,0,0,4.2,0,0,1,1,31.2849,121.448,8,2,8,0,0,6.6,6.27,4.91
1894,元福大厦,4,2,19,26,4,1,41854,6,800,50,50,800,3,2.5,3.8,0,1,31.2033,121.394,6,1,6,4,1,3.77,4,7.52
1895,汇智大厦,4,3,13,27,9,2,38000,26,900,0,160,2500,3.5,2.6,4,1,1,31.1939,121.443,19,3,19,32,0,5.37,6.47,7.52
1901,复兴商厦,4,3,19,7,2,1,68550,12,1000,20,80,3210,5.5,2.9,7,1,1,31.2271,121.47,26,9,26,28,1,12.69,0,0
1904,东方金融园,3,3,8,6,3,1,15000,18,600,66,200,2000,3.2,2.8,6,1,1,31.2004,121.525,6,0,6,0,1,3.85,4.2,6.81
1906,凯迪金融大厦,5,3,8,21,6,1,41024,24,800,50,209,1000,3.9,2.6,8,1,1,31.3074,121.525,23,15,23,13,2,3.92,4.52,24.11
1908,天华信息科技园,4,3,11,10,3,2,125465,6,500,20,500,1700,3.9,2.8,6,1,1,31.1771,121.45,14,1,14,7,1,3.95,5.5,6.2
1912,御河企业公馆,4,3,-1,0,0,0,137270,0,0,0,0,0,0,0,0,1,1,31.1829,121.577,0,0,0,1,0,3.55,3.48,3.53
1913,华闻国际大厦,4,2,13,20,5,1,50362,24,1000,30,200,2500,2.7,2.7,8,0,1,31.2057,121.421,13,1,13,10,1,4.06,5.35,7.31
1914,电科滨江中心,4,3,-1,14,2,0,30000,30,0,0,0,0,0,0,0,1,1,31.2002,121.483,14,2,14,10,0,6.08,8.31,6.86
1916,虹桥德必易园,4,3,5,8,4,0,25000,12.7,0,0,0,0,4,0,0,1,1,31.1817,121.39,8,4,8,11,0,3.24,3.91,4.84
1918,海富花园,2,1,21,23,2,1,120000,3.8,400,150,400,1300,2.6,2.6,6.5,0,0,31.2177,121.536,14,1,14,9,1,2.94,3.79,6.81
1919,汇商大厦,4,3,15,19,3,1,24145,24,110,50,100,1000,3,2.8,6,1,1,31.231,121.556,3,2,3,4,1,5.58,6.92,8.67
1927,同诠大厦,4,3,14,25,3,1,19000,30,1500,63,61,800,3.5,2.7,6,0,1,31.2106,121.406,7,0,7,12,0,3.55,4.6,7.31
1929,中山万博国际中心,4,3,8,28,12,2,52895,28,1500,70,330,1671,3.8,2.8,8,1,1,31.2031,121.429,19,2,19,12,1,6.29,7.66,7.31
1930,盛邦国际大厦,5,3,10,33,6,1,56278,25,1800,0,130,1729,3.9,2.5,8,1,1,31.257,121.491,51,12,51,32,1,6.08,6.66,6.6
1933,陆家嘴商务广场,4,3,20,34,12,2,98130,32,1250,30,793,1655,4,2.7,9,1,1,31.23,121.541,8,0,8,4,1,7.61,9.5,11.33
1936,博鸿大厦,4,3,16,26,3,1,21369,30,1000,50,100,540,3.2,2.6,6,0,1,31.2414,121.458,23,4,23,34,0,3.24,3.42,8.86
1942,加减乘除创意园,3,2,7,7,2,0,13000,5,350,0,0,1000,5,0,7,0,1,31.2331,121.37,6,0,6,3,0,2.7,2.85,5.04
1946,银统大厦,4,3,22,24,3,1,40000,12,1500,80,110,806,3.5,3.2,4,0,1,31.2173,121.43,36,5,36,21,0,6.6,6.2,6.92
1947,嘉发大厦,4,3,21,33,3,2,55982,3.5,800,120,200,1500,3,2.9,3.2,1,1,31.2394,121.471,41,17,41,23,2,3.04,0,0
1948,金外滩国际广场,4,3,-1,22,6,2,77852,20,1000,0,477,3500,3.5,3,0,0,1,31.2295,121.507,26,4,26,15,0,8.11,10.73,10.33
1949,虹钦园,4,2,20,8,1,1,20000,3,350,500,1000,1500,3.5,3.9,5,0,1,31.1848,121.413,7,0,7,1,0,3.24,3.48,4.78
1953,飞洲时代大厦,4,3,11,28,3,1,31617,22,900,40,200,1122,4,2.7,6,1,1,31.2637,121.398,16,0,16,3,0,4.06,4.87,6.68
1954,上服创意园,3,2,13,7,1,1,5068,18,500,80,10,2000,3.8,2.8,5,0,1,31.2157,121.399,20,1,20,10,0,4.16,5.23,4.88
1957,众原国际中心,4,3,-1,0,0,0,0,0,0,0,0,0,0,0,0,1,1,31.3484,121.604,2,2,2,2,0,2.23,2.2,2.96
1960,华融大厦,4,3,114,31,10,1,20025,23,1000,30,168,1300,3.6,2.6,4,1,1,31.2342,121.523,26,11,26,14,1,5.27,6.95,7.76
1962,聚安大厦,4,2,19,10,2,0,13000,9,400,20,20,1000,3.2,2.4,4.5,0,1,31.2284,121.449,25,7,25,27,1,4.17,4.1,9.34
1963,苏宁天御国际广场,5,2,6,11,4,4,170000,9.8,0,306,600,1300,4.2,0,10.5,1,1,31.2281,121.386,6,1,6,4,0,3.24,4.53,5.04
1965,首东国顺大厦,4,3,-1,14,0,0,21455,15,0,0,0,0,3.9,0,0,1,1,31.3104,121.548,13,1,13,4,0,2.74,3.15,24.11
1970,博华广场,4,3,2,60,27,0,0,49.5,0,0,0,0,0,0,0,1,1,31.2432,121.468,22,8,22,15,2,10.14,12.5,8.11
1972,由度工场,5,3,-1,6,3,0,0,6,0,0,0,0,0,0,0,1,1,31.258,121.623,5,1,5,6,0,2.23,2.8,3.46
1974,燎申国际大厦,4,2,12,9,5,1,15000,12,300,10,50,1667,3.5,2.6,5,0,1,31.1831,121.393,9,3,9,29,3,3.04,3.3,4.84
1979,江裕大厦,4,3,7,18,2,1,15600,15,800,32,130,1100,3.7,3,8,1,1,31.2854,121.445,9,4,9,1,0,4.56,4.94,4.91
1981,建设大厦,4,3,-1,16,3,0,0,24,0,0,0,0,0,0,0,1,1,31.2405,121.494,49,14,49,61,1,5.78,5.98,10.33
1982,中环现代大厦,4,3,9,25,3,1,39000,25,800,0,200,700,3.5,2.6,8,1,1,31.2503,121.451,25,4,25,17,1,5.07,5.5,5.94
1983,沪东金融大厦,4,3,19,21,6,1,45793,21,800,20,120,1323,3.4,2.6,6,1,1,31.3066,121.523,27,21,27,12,2,3.55,3.93,24.11
1985,金桥数研基地,4,3,-1,5,2,0,32500,8,0,0,0,0,0,0,0,1,1,31.254,121.63,1,0,1,2,0,2.44,2.45,3.46
1986,东海广场,4,3,-1,0,0,0,0,18,0,0,0,0,0,0,0,1,1,31.0957,121.82,4,2,4,1,0,3.04,0,0
1987,宝安大厦,4,3,19,38,6,1,89000,23,800,0,200,1040,3.7,2.5,6,1,1,31.2325,121.53,26,3,26,23,1,5.07,5.95,7.76
1989,科投大厦,5,3,17,23,2,1,50000,4.8,800,20,300,1500,3,2.5,5,1,1,31.2114,121.465,21,4,21,27,1,4.26,6.5,5.64
1990,振华企业广场,4,3,7,29,8,1,42000,20,800,100,500,1500,3.2,3.2,5.6,1,1,31.1989,121.525,3,0,3,2,1,5.07,5.86,6.81
1991,1876老站创意园,3,3,-1,4,2,0,16300,12,0,0,0,0,4,0,0,1,1,31.2965,121.489,23,1,23,6,1,3.35,4.35,3.68
1993,君庭广场,5,2,5,12,3,0,85393,20,0,0,0,0,3.8,0,0,0,1,31.3143,121.511,11,1,11,3,1,4.56,5.15,11.55
1994,雅逸创意园,4,2,4,3,0,0,0,15,0,0,0,0,0,0,0,1,1,31.1827,121.387,4,2,4,9,0,3.35,5,4.84
1995,创智天地,4,3,13,10,4,1,39040,25,700,280,472,1668,5,3.4,6,1,1,31.3108,121.52,22,19,22,13,1,5.07,6.09,24.11
1997,复兴广场,4,2,21,6,4,1,19500,28,1200,30,30,3100,3,2.5,4,1,1,31.2226,121.477,26,8,26,24,1,5.33,0,0
2000,友力国际大厦,5,3,11,27,6,4,35823,30,1200,30,211,1756,2.7,2.7,7,1,1,31.2501,121.451,26,3,26,19,1,5.68,6.57,5.94
2002,万业新阶,6,2,-1,20,3,0,65626,6,0,0,0,0,4.8,0,0,1,1,31.2614,121.447,15,1,15,10,1,2.53,4.05,3.77
2004,飞雕国际大厦,4,3,13,30,5,1,47000,25,1300,20,160,1100,3.4,2.6,5,1,1,31.2008,121.447,28,11,0,17,2,4.97,6.2,7.52
2006,上海广场,5,3,21,38,7,1,80000,27,180,5,150,1226,3.8,2.6,4,1,1,31.231,121.485,38,13,38,23,2,6.08,7.74,9.28
2014,保利西岸中心,4,3,-1,0,0,0,0,0,0,0,0,0,0,0,0,1,1,31.1858,121.463,8,0,8,9,0,6.59,8.46,6.2
2016,金环商务花园,4,3,7,9,4,1,30000,13,450,50,429,1500,4.5,2.6,5.4,1,1,31.2367,121.374,2,0,2,3,0,3.85,4.65,5.04
2017,恒利国际大厦,4,3,11,26,5,1,46234,35,1500,150,200,1300,4,2.7,7,1,1,31.2331,121.473,35,10,35,18,1,6.08,7.57,8.86
2019,雍和创智广场,3,3,9,6,4,1,22000,9,300,150,0,700,6,5.5,5,0,1,31.294,121.445,6,1,6,4,0,3.04,3.13,4.91
2021,光启园,4,2,10,21,4,1,32785,7.5,350,100,100,1500,4,3,7,1,1,31.1838,121.415,9,0,9,1,0,3.55,4.24,4.78
2023,久事大厦,5,3,18,40,13,2,68080,29,1000,0,250,1550,3.9,2.6,6,1,1,31.2306,121.505,33,5,33,17,0,6.94,7.04,5.39
2024,杨浦都市工业园,3,2,11,5,2,1,84500,9,400,200,50,2000,4,3.5,4,1,1,31.3373,121.541,15,0,15,4,0,2.62,2.91,3.25
2026,森兰美伦,4,3,3,30,0,0,0,9.8,0,0,0,0,0,0,0,1,1,31.3231,121.601,0,0,0,0,0,2.03,3.4,7.29
2036,东渡国际嘉庭广场,4,3,2,12,4,0,20000,18,0,0,0,0,3.2,0,0,1,1,31.2389,121.407,10,1,10,7,0,4.56,5.54,5.04
2037,财富时代大厦,4,3,14,25,7,1,52000,30,1000,250,100,2000,3.8,2.8,8,1,1,31.2494,121.449,29,5,29,25,2,4.77,5.5,5.94
2041,万科VMO,4,3,8,5,1,1,88762,16.8,300,60,50,3056,4.3,3.8,7,1,1,31.1157,121.492,0,0,0,1,0,1.62,2.5,2.23
2043,瑞铂中心,4,3,4,9,0,0,0,32,0,0,0,0,0,0,0,1,1,31.1924,121.334,1,0,1,0,0,4.06,4.6,6.16
2045,尚嘉中心,5,3,7,31,10,2,48139,30,0,100,699,2200,2.95,2.8,15,1,1,31.2117,121.414,14,5,14,13,0,8.11,9.6,7.31
2047,港泰广场,5,3,20,27,7,1,48391,24.8,1500,0,200,1615,3.6,2.5,9,1,1,31.2357,121.486,44,14,44,52,2,5.07,6.22,8.57
2048,海泰时代大厦,4,3,13,17,4,1,27000,19.5,800,120,122,1380,5,3.2,9,1,1,31.2576,121.492,50,12,50,20,1,3.04,6.09,6.6
2050,长久商务中心,4,2,17,25,3,1,22500,6,200,50,400,953,3.6,2.9,3.5,0,1,31.2439,121.443,38,4,38,27,1,3.54,3.47,5.94
2052,漕河泾软件大厦,4,2,16,17,3,1,27000,8.5,300,50,50,1500,3.2,2.8,3.5,0,1,31.1842,121.414,8,0,8,1,0,3.24,3.53,4.78
2054,复地四季广场,5,3,9,6,1,1,58000,10,800,415,0,3800,4.5,3,5.5,1,1,31.2741,121.539,16,2,16,14,1,3.89,0,0
2057,上海传奇商业广场,4,3,2,3,0,0,0,2.5,0,0,0,0,0,0,0,1,1,31.2061,121.591,2,0,2,7,1,4.55,7.46,4.68
2060,张江微电子港,3,2,13,5,6,1,240000,8,500,40,150,2600,3.2,2.8,5.2,0,1,31.2056,121.589,2,0,2,3,1,4.06,9.5,4.68
2061,歆翱商务大厦,4,3,-1,12,3,0,16000,10,0,0,0,0,4,0,0,1,1,31.2507,121.336,5,0,5,3,0,2.54,2.7,9.86
2062,张江智创,4,3,-1,4,0,0,0,10,0,0,0,0,0,0,0,1,1,31.2497,121.707,1,0,1,2,0,4.06,2,4.68
2063,东方渔人码头,4,3,3,0,0,0,234329,0,0,0,0,0,0,0,0,1,1,31.2582,121.539,15,0,15,3,0,5.78,6.22,5.34
2066,滨江国际广场,4,3,7,18,6,2,149851,23,1000,13,635,3200,2.9,3,6,1,1,31.2578,121.537,11,0,11,2,0,4.87,5.95,5.34
2068,合星大厦,4,3,7,12,4,0,20000,21,0,0,0,0,3.2,0,0,1,1,31.229,121.389,5,2,5,2,0,4.06,4.77,5.04
2070,世纪商务大厦,4,3,14,30,4,1,43535,30,600,30,45,2424,3.5,3,4,1,1,31.2496,121.449,28,5,28,24,2,3.45,4.07,5.94
2073,同济逸仙大厦,4,3,8,18,5,1,90290,22,1000,45,389,1600,3.9,2.9,8,0,1,31.3002,121.497,20,0,20,15,0,4.06,3.86,24.11
2076,宝华城市晶典大厦,2,3,10,20,3,1,24500,22,800,10,180,1100,3.5,2.8,7,1,1,31.2436,121.444,37,5,37,27,2,5.07,5.49,5.94
2080,新天国际大厦,4,3,20,30,5,1,47500,20,1000,151,150,1206,2.6,2.4,4,1,1,31.2301,121.538,20,0,20,15,2,4.56,5.5,11.33
2082,五环大厦,2,2,20,12,2,1,9600,2,600,50,0,800,3.5,2.5,5,0,1,31.2773,121.515,30,5,30,8,1,3.04,3.38,5.63
2084,上海物资大厦,4,3,-1,28,2,0,33625,0,0,0,0,0,3,0,0,1,1,31.2456,121.488,58,18,58,50,2,2.6,2.6,10.33
2087,思创大厦,4,2,21,30,3,1,59432,30,1000,20,150,914,3.6,2.5,4,0,1,31.2195,121.403,18,3,18,11,0,2.64,3,4.88
2088,淮海国际广场,6,3,-1,30,8,1,73016,30,1500,1,255,744,45,2.7,7,1,1,31.2215,121.463,27,7,27,33,1,8.11,11.28,10.3
2092,上海医药大厦,4,3,21,21,7,1,12400,30,1100,50,0,578,3.6,2.6,3,1,1,31.2272,121.48,18,7,18,16,1,6.76,0,0
2094,嘉杰国际广场,5,3,10,27,6,1,103000,19.3,800,0,380,1233,3.3,2.5,4.5,1,1,31.2734,121.489,32,5,32,10,1,4.06,6.28,6.6
2095,丽晶阳光大厦,4,2,13,26,4,1,35000,15,150,20,60,1154,3.2,2.7,3.5,1,1,31.2399,121.435,25,1,25,15,2,3.45,3.88,5.94
2096,古美创智中心,4,3,-1,4,2,0,8000,0,0,0,0,0,3.5,0,0,1,1,31.1635,121.408,14,0,14,12,1,4.57,4.5,4.84
2105,永生大楼,4,3,-1,0,1,0,0,0,0,0,0,0,3.5,0,0,1,1,31.2568,121.489,40,12,40,17,1,3.55,3.37,6.6
2106,天物空间,4,3,3,6,3,0,40000,25,0,0,0,0,3.85,0,0,1,1,31.2384,121.564,5,1,5,3,1,5.07,7.75,8.67
2109,上海开文大厦,4,2,7,7,3,1,11375,8.8,0,56,127,1600,3.9,0,5.2,0,1,31.215,121.619,2,0,2,9,0,3.14,3.5,4.68
2110,申亚金融广场,4,3,26,29,4,1,34335,21,1000,50,0,850,3.6,2.6,3.5,1,1,31.2206,121.439,21,1,21,34,0,3.95,5.18,6.92
2114,耀江国际广场,4,3,9,28,4,1,137000,14,1200,30,100,760,3.6,2.5,5.5,1,1,31.2554,121.496,64,7,64,35,0,3.85,4.1,6.6
2117,嘉兴大厦,5,3,23,26,4,2,30257,21,800,20,100,1000,3.4,2.5,4,1,1,31.2304,121.534,26,0,26,24,3,4.36,4.9,11.33
2118,银海大楼,4,2,23,12,4,1,18000,8.4,850,60,500,1012,3.6,2.8,4.5,1,1,31.1706,121.42,11,0,11,5,2,2.53,5.1,5.67
2119,圣骊虹桥创意园,3,2,12,6,1,1,8657,15,350,35,0,1326,4.2,4,5.4,1,1,31.2003,121.427,24,2,24,12,1,3.85,5.2,7.18
2124,金峰世纪大厦,4,2,11,18,2,1,10000,7,1200,0,32,509,3.5,2.9,5,1,1,31.2342,121.437,29,6,29,15,0,3.22,0,0
2129,上海主角,4,3,9,10,4,1,4999,25,1600,0,135,1575,5.55,5.3,11,0,1,31.173,121.432,18,1,18,7,0,4.56,7.5,4.78
2130,亚芯中心,4,3,6,9,4,0,76235,12,0,0,0,2600,3.5,0,0,1,1,31.2168,121.637,2,3,2,4,0,4.56,6.5,4.68
2131,由度慧谷,3,1,-1,5,0,0,0,4.5,0,0,0,0,4.5,0,0,1,1,31.2555,121.605,5,1,5,12,1,2.74,3,3.46
2139,宏汇莲花广场,4,3,3,11,8,0,56210,26,0,0,0,0,2.9,0,0,1,1,31.162,121.403,9,0,9,10,2,4.26,4.47,2.85
2141,太平金融大厦,4,3,8,38,16,2,110599,34,1500,50,371,2714,4.6,3,13,1,1,31.2399,121.51,16,3,16,13,1,10.14,14.13,13.92
2151,谷泰滨江大厦,4,2,16,26,6,2,30000,18,500,30,130,1400,3.6,2.4,8,0,1,31.2175,121.512,5,0,5,3,0,3.04,3.9,10.33
2156,钱江大厦,4,3,15,27,6,1,47170,22,800,0,150,1478,3.4,2.4,5.5,0,1,31.2286,121.536,25,0,25,17,2,5.07,6.36,11.33
2159,外滩金融中心,4,3,-1,0,0,0,420000,30,0,0,0,0,0,0,0,1,1,31.2322,121.504,38,10,38,15,0,8.62,12,10.33
2160,泰成商务楼,4,2,19,10,4,1,7500,3.5,250,0,40,750,3,2.5,3.5,0,1,31.1747,121.441,18,3,18,15,1,3.11,3.1,5.67
2162,上勤大厦,4,3,3,13,4,0,0,25,0,0,0,0,4.2,0,0,1,1,31.3023,121.465,3,0,3,0,0,3.55,3.65,4.33
2164,宏伊国际广场,5,3,13,32,6,2,64642,32,1500,0,147,1476,5,2.7,7,1,1,31.243,121.491,66,18,66,67,1,7.71,8.81,7.28
2167,联通国际大厦,4,3,22,27,4,1,39150,19,1050,58,272,1470,3.6,2.4,6,1,1,31.2521,121.457,23,2,23,31,0,3.65,4.2,5.92
3,金领之都,4,3,8,11,2,1,300000,12,250,323,230,1007,3.9,2.8,5.2,1,1,31.2653,121.63,7,1,7,1,0,3.24,3.53,3.46
22,万街303,4,2,3,4,0,0,8000,9,0,0,0,0,5.3,0,0,1,1,31.1459,121.45,13,0,13,2,0,2.64,2.96,4.51
29,立明大厦,4,2,11,15,3,1,0,6.9,300,30,200,0,3.2,2.8,5,0,1,31.183,121.41,7,0,7,1,0,3.55,4,4.78
90,中信广场,5,3,8,55,18,4,150000,36,1200,13,387,2600,4.1,3.1,15,1,1,31.254,121.491,80,12,80,35,2,6.08,8.93,6.6
113,渡口空间,4,3,-1,5,0,0,5000,15,0,0,0,0,3.5,0,0,1,1,31.2124,121.51,8,1,8,4,1,7.1,8.3,5.39
115,君欣时代广场,4,3,1,23,0,0,0,30,0,0,0,0,0,0,0,1,1,31.2794,121.521,38,4,38,9,2,3.65,4.6,5.63
121,新华联大厦,4,3,22,20,6,1,59611,30,1400,10,120,1300,3.3,2.6,3,1,1,31.2248,121.471,37,9,0,31,1,4.64,6.5,9.28
128,千羽创意园,5,2,12,5,1,1,5000,10,500,5,50,400,4.5,3,4.5,0,1,31.2136,121.487,52,3,52,24,1,3.85,5,10.1
141,良丰大厦,4,2,22,38,4,1,31000,7.9,500,0,30,1500,2.65,2.5,3.5,1,1,31.2488,121.525,17,0,17,24,1,2.53,4,13.92
149,飞洲国际广场,5,3,15,33,9,2,80000,21,1200,50,250,2300,4,2.8,10,1,1,31.1893,121.444,19,3,19,21,3,5.5,6.7,5.67
185,环球世界大厦,4,3,21,32,7,1,40000,24.9,1200,20,70,1021,3.8,2.8,6,1,1,31.2305,121.451,42,9,42,25,1,4.56,6.57,9.34
187,金鹰大厦,4,3,15,21,4,1,66000,18.6,1200,80,300,1200,2.6,2.7,6.5,1,1,31.227,121.556,7,3,7,4,0,6.08,7.67,7.23
192,久事商务大厦,5,3,13,40,0,0,68080,24,800,199,45,0,0,0,0,1,1,31.2418,121.495,57,13,57,52,1,5.07,11.6,10.33
204,由由世纪广场,4,3,9,22,8,1,150000,22,1100,100,615,1800,2.95,2.9,9,1,1,31.2235,121.541,12,0,12,4,0,6.39,7.2,11.33
206,凯龙金领大厦,4,3,-1,12,4,0,55592,15,0,0,0,0,4,0,0,1,1,31.2653,121.63,7,1,7,1,0,3.04,3.5,3.46
212,虹漕园,4,2,13,12,2,1,66000,6.5,500,30,170,1336,4.3,2.6,4.5,0,1,31.1831,121.415,12,0,12,2,0,3.04,3.5,4.78
216,沙田大厦,5,3,15,28,3,1,26000,15.7,600,100,100,747,3.6,2.6,4,0,1,31.2438,121.441,47,4,47,28,2,3.55,5.54,5.94
220,虹桥天地,5,3,5,10,4,0,380000,33,0,0,0,3200,2.75,0,0,1,1,31.1988,121.321,12,2,0,3,0,4.61,9.22,6.16
224,旭辉虹桥国际,4,3,8,6,4,1,64707,15,800,50,460,1300,5,4.5,5.3,1,1,31.2336,121.361,8,1,8,1,0,3.85,5.14,4.63
237,金赢108创意广场,5,3,9,21,5,1,100000,5,600,400,500,1400,5.4,0,11,0,1,31.2735,121.473,37,3,37,14,1,3.04,5.43,4.77
259,泛太平洋大厦,4,2,12,18,1,1,9146,24,1200,19,0,1000,3,2.7,3.5,0,1,31.2356,121.458,35,8,35,34,0,5.07,5.5,8.11
263,717工坊,4,3,-1,5,1,0,3900,7.5,0,0,0,0,3.8,0,0,1,1,31.246,121.458,21,3,21,10,0,4.07,4,8.86
269,瑞金商务中心,4,3,22,20,3,1,21500,20,400,20,60,800,3,2.6,5,1,1,31.2105,121.472,34,1,0,28,2,4.06,5.31,8.53
279,宝纳大厦,4,3,11,9,2,1,14145,20,500,37,38,1656,3.5,2.7,4.2,0,1,31.1823,121.383,12,10,0,8,0,3.35,3.58,6.28
287,七宝宝龙城市广场,4,3,-1,4,0,0,390857,0,0,0,0,0,0,0,0,1,1,31.1632,121.361,29,4,29,13,1,4.16,4.44,16.23
312,浦江科技广场,4,3,-1,25,4,0,400000,9.3,0,0,0,0,0,0,0,1,1,31.1023,121.513,5,1,5,0,1,3.35,3.64,2.23
314,燎申宜山大厦,4,3,14,10,2,1,11800,4,500,40,0,1400,3.3,2.8,4.8,0,0,31.1743,121.397,2,0,2,2,0,3.14,3.5,4.84
316,鑫达商务楼,4,2,12,8,5,1,23360,18,200,30,80,1460,3.8,2.8,5,0,1,31.23,121.361,14,1,14,3,0,4.81,5.6,4.63
337,金岛大厦,5,2,18,22,4,1,35000,10,800,50,200,1100,3.8,2.7,5,1,1,31.3047,121.522,24,22,0,13,2,3.65,4.27,24.11
340,亨通国际大厦,4,2,21,23,3,1,14738,15,500,10,50,500,3.5,2.5,3.5,1,1,31.2248,121.427,30,6,30,26,1,3.85,4.5,6.92
348,绿地威科国际商业广场,5,3,10,14,4,1,49087,10,700,40,319,800,4,2.8,6,0,1,31.2719,121.434,25,1,25,9,1,2.33,4.49,3.28
354,胜富仁大厦,4,3,6,11,3,0,15282,17,0,0,0,1190,3.9,0,5,1,1,31.1396,121.41,10,5,10,4,1,4.06,5,5.16
363,中金国际广场,5,3,10,22,5,2,103155,25.5,1500,60,353,1448,4,2.7,8,1,1,31.1972,121.445,26,0,26,27,2,5.88,8.13,7.52
364,张江国创中心,5,3,2,4,2,0,94000,18.8,0,350,0,24000,6.5,4.5,17,1,1,31.2255,121.634,0,1,0,0,0,4.06,4.1,4.68
381,林顿大厦,4,3,18,28,3,1,37500,4.5,20,20,70,1340,3.3,3,8,1,1,31.2616,121.458,26,1,0,19,0,1.99,3.15,5.92
398,文新报业大厦,4,3,20,43,11,1,71169,45,1000,20,340,2900,3,4,5,1,1,31.2317,121.464,35,10,35,43,3,3.33,5.7,8.86
399,上海国际设计交流中心,4,3,-1,0,2,0,38000,0,0,0,0,0,0,0,0,1,1,31.2701,121.531,18,2,18,3,1,2.54,2.5,5.44
400,湾谷科技园,4,3,-1,0,0,0,410000,12,0,0,0,0,4.2,0,0,1,1,31.3436,121.509,3,0,3,0,0,3.05,3.29,3.46
423,金陵商务广场,4,3,11,12,2,1,13114,22,850,32,160,1000,3,2.7,6.5,1,1,31.1785,121.414,6,0,6,1,0,3.55,4,4.78
479,虹桥银城大厦,4,3,16,30,6,1,29000,30,1200,10,100,950,3.4,2.5,7,1,1,31.2073,121.42,13,0,13,9,1,3.04,4.03,7.31
480,丰树商业城,5,3,-1,22,10,0,306630,0,0,0,0,0,4.5,0,0,1,1,31.136,121.367,4,1,4,2,1,4.56,5.31,4.81
484,和源大楼,2,3,-1,9,2,1,14120,9.8,600,95,0,600,3.4,2.8,5.5,1,1,31.2711,121.474,31,4,31,11,1,3.35,4,4.91
505,虹桥新地中心,4,3,4,9,14,0,76000,14,0,0,0,0,4.18,0,0,1,1,31.1924,121.334,1,0,1,0,0,5.58,8.03,6.16
531,联合大厦,4,3,30,34,5,2,57000,10,900,30,150,1676,3,2.5,4,1,1,31.2475,121.427,24,5,24,14,2,2.84,3.76,5.16
543,港陆广场,4,3,22,36,8,2,44650,30,1180,180,200,1500,4,2.5,6,1,1,31.2353,121.485,43,14,43,39,2,6.19,7.79,8.57
554,新曹杨科技大厦,4,3,-1,19,2,0,0,10,0,0,0,0,3.6,0,0,1,1,31.2415,121.397,13,0,13,6,1,3.38,4.32,5.04
567,恒积大厦,5,3,114,20,4,1,60000,23,1000,10,240,1200,2.6,2.5,4.5,1,1,31.2312,121.488,45,12,45,19,1,4.36,6.04,9.28
568,平高国际广场,4,3,8,24,4,0,3500,25,0,0,0,1050,0,0,0,0,1,31.2482,121.453,26,5,26,22,1,5.68,6.19,5.94
586,华宏商务中心,4,3,8,24,8,2,80000,25,600,180,900,2241,3.5,3.2,4,1,1,31.2301,121.4,4,0,4,2,0,4.06,4.93,5.04
598,德必梅园WE,4,2,21,8,2,1,8000,15,600,20,0,1000,3,2.5,3,0,1,31.2434,121.533,20,0,20,20,0,5.27,6.13,13.92
606,绿地商务大厦,4,3,13,23,6,2,46356,20,1200,15,426,1260,4,2.8,9,1,1,31.2262,121.432,24,4,24,12,2,4.66,5.8,6.92
625,阿里中心,4,3,2,9,4,0,141499,32,0,0,0,0,2.85,0,0,1,1,31.1924,121.334,1,0,0,0,0,4.46,5.93,6.16
688,现代广场,5,3,13,27,3,1,54100,20,800,22,300,794,3.6,3.2,5,1,1,31.212,121.403,14,1,14,11,0,3.75,4.5,7.31
736,中环广场,5,3,20,38,10,2,54600,34,200,0,200,1200,3,2.8,5,1,1,31.2283,121.479,23,6,23,16,1,8.1,11.5,9.28
741,半岛科技园,4,2,12,6,1,1,38000,12,750,90,300,400,3.7,3,3.9,1,1,31.1995,121.592,1,0,1,5,0,4.06,4.7,4.68
758,招商局上海中心,4,3,3,11,0,0,0,35,0,0,0,0,0,0,0,1,1,31.1878,121.492,0,0,0,0,0,5.98,7.6,7.27
761,绿地汇方广场,4,3,2,6,0,0,0,5,0,0,0,0,0,0,0,1,1,31.2677,121.545,42,3,42,12,0,4.36,4.92,4.64
775,碧海现代苑,4,2,11,18,3,1,63211,2.9,250,200,300,560,2.8,2.8,5,0,1,31.2581,121.608,8,1,8,9,1,2.02,2.4,7.29
781,海宏科创,5,2,5,6,0,0,0,6,0,0,0,0,0,0,0,1,1,31.0944,121.524,2,0,2,1,0,1.62,2,2.23
788,东方希望大厦,4,3,12,12,4,1,26000,30,1250,25,120,1600,3.3,2.8,8,1,1,31.2298,121.544,4,0,4,2,0,6.29,7.44,11.33
790,绿地科创大厦,4,3,17,28,6,1,58750,8,700,300,245,1193,3.6,2.6,5,1,1,31.2411,121.427,23,2,23,8,4,3.85,5.4,5.16
831,长泰国际金融大厦,4,3,11,26,6,2,47690,30,1350,30,270,1165,4,2.7,8,1,1,31.231,121.542,10,0,10,5,1,8.11,9.65,11.33
845,财瑞大厦,4,2,13,12,4,1,14123,32,1200,71,74,1250,3.8,2.8,7,1,1,31.2114,121.44,14,1,14,19,2,6.08,7.65,7.31
849,金融广场,5,3,20,29,7,1,42603,29,200,10,105,1142,3.5,2.5,8.5,1,1,31.2417,121.49,73,20,73,96,1,6.6,7.43,7.28
891,新海商务大厦,4,3,16,29,4,1,6000,15,800,300,14,850,4.3,2.3,6,1,1,31.3334,121.521,0,1,0,1,0,2.03,2,3.46
893,富容大厦,4,2,22,25,1,1,30076,1.9,600,30,10,0,3,3,3,0,1,31.2465,121.454,28,4,28,27,1,4.56,5.1,8.86
911,金桃大厦,4,2,15,12,2,1,12000,9,300,20,100,1000,3,2.5,4,0,1,31.2439,121.544,7,0,7,8,0,3.24,3.5,8.67
925,李子园大厦,4,3,11,18,3,1,75000,12,400,50,100,770,3,2.5,4,0,1,31.2731,121.396,9,0,9,3,2,3.04,3.5,4.38
947,怡富商务广场,4,3,12,26,4,1,56163,15,1000,50,400,780,3.3,2.6,4,0,1,31.2966,121.526,16,8,16,17,0,3.04,3.5,24.11
957,融汇958创意园,4,3,-1,0,2,0,0,9,0,0,0,0,0,0,0,1,1,31.2395,121.561,7,1,7,1,1,4.31,5.5,8.67
977,汇智园满星空间,5,3,2,8,0,0,50000,20,0,0,0,0,6.5,0,0,1,1,31.3048,121.462,4,0,4,1,0,3.04,4.53,4.33
980,1788国际中心,5,3,8,35,15,2,110000,28,2500,0,456,3080,4,2.8,10,1,1,31.2289,121.45,29,7,29,25,1,8.62,11.06,8.86
983,新理想大厦,4,3,-1,20,0,0,20456,30,0,0,0,0,0,0,0,1,1,31.2583,121.465,42,3,42,33,1,6.08,6.35,5.92
993,嘉汇广场,5,1,22,35,2,1,100000,3,300,80,250,11000,3.8,2.6,5.8,0,0,31.1942,121.45,20,2,20,36,1,4.98,3.35,5.67
1000,江桥万达广场,5,3,8,10,2,2,170000,6,500,100,960,1200,2.9,2.7,5.6,0,1,31.247,121.331,7,4,7,7,1,1.96,127.08,9.86
1037,泰德科技园,3,3,3,11,4,2,33000,12,400,120,80,2000,5,4.8,5,1,1,31.3591,121.44,12,0,12,2,1,2.38,2.49,2.87
1041,中茂世纪财富广场,5,3,5,17,2,1,84358,3.5,150,150,450,1100,4.5,0,9,0,1,31.4227,121.212,1,0,1,2,0,2.03,1.3,1.59
1045,亚都商务楼,4,3,15,14,2,1,18000,9,600,30,100,1088,2.8,2.7,4,0,1,31.195,121.445,23,6,23,33,0,4.06,4.5,5.67
1058,海亮大厦,4,3,7,22,5,1,29000,30,0,50,150,1300,4.2,0,10,1,1,31.2389,121.407,10,1,10,7,0,4.56,5.1,5.04
1095,恒润大厦,4,3,-1,12,4,0,23600,16.5,0,0,0,0,3.5,0,0,1,1,31.1888,121.271,3,0,3,0,0,2.84,2.9,3.28
1117,旺角广场,4,3,13,23,6,1,33000,25,1000,0,130,1300,3.6,2.6,6,1,1,31.2365,121.491,64,11,64,64,1,3.24,4.5,8.53
1145,美联大厦,2,3,21,13,4,0,17892,1.3,300,35,0,3,3,2.9,3.5,0,0,31.2391,121.44,28,2,28,27,1,4.56,4.5,5.61
1156,帝宝国际大厦,4,3,11,9,2,1,17280,19,150,60,30,1400,3.7,3.4,5,0,1,31.1769,121.379,14,2,14,3,0,3.24,3.6,6.28
1170,金桥谷创意园,3,2,9,5,2,1,20000,22,200,420,50,15000,2.8,2.5,4.5,0,1,31.2657,121.612,6,1,0,7,0,2.43,2.54,3.46
1175,同济联合广场,4,3,13,22,3,1,50536,15,800,50,600,1170,3.6,2.8,3.9,1,1,31.26,121.494,54,14,54,16,1,3.85,5.35,4.22
1176,前滩世贸中心,4,3,-1,0,0,0,260000,0,0,0,0,0,0,0,0,1,1,31.1621,121.49,3,1,3,1,2,6.39,8.69,4.31
1191,凯利大厦,4,2,16,18,3,0,11150,24,1000,60,23,886,3.2,2.6,3.2,0,1,31.2054,121.433,20,1,20,16,1,3.85,5.97,7.31
1238,久事复兴大厦,5,3,23,25,4,1,57000,25,150,25,75,1116,3.8,2.5,7,1,1,31.2235,121.466,29,8,29,35,2,6.59,7.83,9.28
1241,经纬国际大厦,4,3,-1,0,2,0,11621,1,0,0,0,0,0,0,0,1,1,31.2046,121.483,32,1,32,13,1,4.87,0,0
1262,悦达889中心,4,3,10,32,10,2,102475,30,1000,100,500,2042,3,2.7,10,1,1,31.236,121.434,23,5,23,16,3,7.1,7.83,5.61
1265,德宏大厦,4,3,12,13,4,1,17411,15,400,201,64,1100,2.8,2.8,3,1,1,31.2102,121.623,8,1,8,14,0,3.55,4,4.68
1270,上海商贸大厦,5,2,19,22,3,1,21000,16,800,160,90,902,3.1,2.5,4,1,1,31.2681,121.497,28,2,28,10,1,2.84,3.5,4.44
1290,中创大厦,4,2,22,22,5,1,25000,30,1200,20,50,1000,4,2.6,3,1,1,31.2367,121.467,34,16,34,28,3,6.08,8.04,8.86
1301,快易名商徐汇中心,4,3,3,16,2,0,10000,30,0,0,0,0,0,0,0,1,1,31.1951,121.453,25,2,25,25,1,5,6.87,5.67
1302,东朔商务中心,4,3,-1,3,2,0,5500,17,0,0,0,0,3.2,0,0,1,1,31.2178,121.429,37,5,0,15,1,4.56,6.33,7.18
1312,美奂大厦,4,3,-1,23,4,0,40000,27,0,0,0,0,3.5,0,0,1,1,31.1989,121.474,17,3,17,5,1,4.17,6.2,6.2
1324,申鑫大厦,4,3,23,28,5,1,28000,21,1500,20,50,905,3.5,2.5,4.5,1,1,31.2349,121.488,59,11,59,50,1,3.24,3.55,8.57
1333,文广大厦,4,3,8,24,5,1,42229,33,1500,20,273,1145,2.8,2.8,15,1,1,31.2003,121.4,6,3,6,8,0,6.49,11.53,7.31
1361,盘古创业,4,3,-1,0,0,0,0,15,0,0,0,0,0,0,0,1,1,31.1837,121.612,4,0,4,2,0,4.26,0,0
1367,国旅大厦,5,2,23,20,3,1,15000,55,800,12,30,750,3.9,2.8,8,1,1,31.2351,121.458,33,9,33,29,0,5.07,5.63,8.11
1375,中国船舶大厦,4,3,22,24,13,1,48476,30,1200,30,150,2000,3.6,2.6,12.5,1,1,31.2444,121.518,24,1,24,14,0,8.92,8.8,13.92
1383,凯滨国际大厦,4,3,3,10,0,0,48870,30,0,0,0,0,4.2,0,0,1,1,31.1892,121.461,15,1,15,12,1,6.29,10.13,6.2
1384,嘉宁国际大厦,5,3,11,31,6,1,31788,30,1500,100,448,1065,3.7,2.7,8.69,1,1,31.2235,121.443,21,1,21,23,1,7.3,8.87,6.92
1396,银历大厦,4,3,-1,18,0,0,0,12,0,0,0,0,3.3,0,0,1,1,31.2555,121.486,32,11,32,16,2,3.55,4.13,5.92
1402,中鑫企业广场,5,3,10,4,2,2,67940,5,500,20,300,660,2.8,2.7,5,1,1,31.2846,121.384,3,1,3,4,0,2.84,3.45,4.38
1406,置汇旭辉广场,4,3,2,14,7,0,227000,35,0,0,0,0,4.3,0,0,1,1,31.2498,121.56,15,3,15,20,1,7.2,7.96,8.67
1416,嘉汇国际广场,4,3,11,35,7,1,484051,16,1500,20,250,1500,3,2.6,6,1,1,31.195,121.45,21,5,21,35,1,4.06,6.68,5.67
1427,启迪大厦,4,3,11,16,4,1,30000,24,200,20,100,1619,4,3,10,1,1,31.2838,121.445,7,4,7,1,0,4.06,5.17,4.91
1429,柳林大厦,4,3,-1,33,5,2,40590,25,1200,0,65,1030,2.5,2.5,6,1,1,31.2311,121.487,45,14,45,21,1,5.98,6.5,9.28
1462,闿鑫商务园,4,3,-1,0,3,0,14329,6,0,0,0,0,3.5,0,0,1,1,31.0904,121.52,2,0,2,1,1,1.62,1.9,2.23
1467,IF如果文化创意产业园,6,3,-1,4,0,0,42000,0,0,0,0,0,4.6,0,0,1,1,31.0919,121.395,2,0,2,2,1,2.84,3.3,2.03
1476,万嘉大厦,4,3,19,8,0,0,0,8,0,0,0,0,0,0,0,1,1,31.2992,121.616,10,4,10,6,0,3.24,3.34,2.96
1479,SOHO中山广场,5,3,8,23,14,4,142000,28,1300,24,359,3878,3.85,2.7,10,1,1,31.2043,121.422,12,2,12,8,1,5.68,6.66,7.31
1511,嘉麒大厦,4,3,14,19,5,1,24807,30,1360,60,100,1196,4,2.7,7,1,1,31.2112,121.406,12,1,0,14,0,5.07,6.42,7.31
1517,华祺大厦,4,3,-1,0,0,0,13500,25,0,0,0,0,0,0,0,1,1,31.2367,121.45,37,3,37,18,1,6.08,8.5,5.61
1524,东朔商务中心,4,3,-1,3,3,0,5600,17,0,0,0,0,4,0,0,1,1,31.2512,121.552,15,2,15,7,0,4.56,5.43,8.67
1545,金博尚品,2,3,12,12,3,1,8372,25,1000,0,30,350,4.5,2.9,5.5,0,1,31.24,121.547,7,0,7,11,1,4.06,4.73,11.33
1551,1933老场坊,3,2,13,5,4,1,317000,18,500,50,50,30346,6,5,10,0,1,31.26,121.498,46,2,46,11,0,3.95,4.44,4.44
1557,嘉里不夜城,5,3,23,38,9,1,100,30,950,30,232,1659,3.1,2.5,12,1,1,31.2515,121.463,32,6,32,47,2,4.21,5.06,5.92
1560,瑞金大厦,4,2,21,27,10,1,46959,31,120,134,60,1500,3.7,2.7,5,1,1,31.2197,121.469,38,7,38,37,1,7.44,7.79,8.77
1565,滨江万科中心,4,3,19,25,6,0,272000,30,0,0,0,0,4.3,0,0,1,1,31.251,121.544,5,0,5,7,0,6.29,17.76,8.67
1575,恒耀广场,5,3,3,21,3,0,90000,12,0,0,0,0,3.4,0,0,1,1,31.0999,121.261,32,0,32,2,0,1.72,1.75,1.74
1590,众和金融大厦,2,2,-1,28,0,0,58000,0,0,0,0,0,0,0,0,0,1,31.2685,121.517,43,4,43,12,0,3.04,4.29,5.31
1592,凯德星贸中心,5,3,2,28,10,0,10500,35,0,0,0,0,4,0,0,1,1,31.2475,121.465,14,5,14,13,1,7.1,8.36,5.92
1598,安垦创意园,3,2,-1,6,0,0,0,18,0,0,0,0,0,0,0,1,1,31.2462,121.45,29,2,29,23,2,6.08,7.32,8.11
1602,中国梦谷,1,3,-1,11,8,0,200000,0,0,0,0,0,4,0,0,1,1,31.2047,121.273,3,0,3,32,0,1.62,1.91,3.28
1603,东航滨江中心,4,3,2,21,12,0,62000,32,0,0,0,0,0,0,0,1,1,31.1724,121.464,2,0,2,0,2,5.07,6.71,6.2
1620,中欣大厦,4,3,18,43,8,1,28000,31,1500,0,262,1585,4,2.5,6.5,1,1,31.2319,121.456,35,9,35,30,1,9.13,11.51,8.86
1628,浦江智谷商务园,4,2,11,6,6,2,240000,12,100,0,755,6600,3.5,3.6,5,0,1,31.0854,121.533,1,0,1,0,0,1.72,2.19,2.23
1644,瑞都大厦,4,2,9,9,3,1,22254,12,500,110,90,2550,3.3,3.1,4.5,0,1,31.1823,121.38,17,11,17,6,1,4.26,4.16,4.84
1654,嘉誉国际广场,4,3,-1,0,4,0,65000,25,0,0,0,0,4.2,0,0,1,1,31.3365,121.514,1,0,1,0,1,4.56,5.11,3.46
1667,中油大厦,6,3,19,32,0,0,0,27,0,0,0,0,0,0,0,1,1,31.2284,121.535,24,0,24,19,2,5.58,7,11.33
1693,长航大厦,5,2,19,27,2,1,30000,24,400,50,100,700,2.5,2.5,3.2,0,1,31.2343,121.528,19,11,19,18,1,5.07,5.9,7.76
1699,明凯大厦,5,3,6,13,10,3,18000,10,0,500,0,1500,3.35,3.1,5.09,0,1,31.2772,121.487,23,7,23,7,1,3.55,3.53,4.38
1709,长宁88中心,5,3,5,23,3,1,175000,30,800,600,1200,1080,3.2,2.8,8,1,1,31.234,121.432,26,6,26,17,2,6.59,7,6.92
1714,上海商城,5,3,29,45,4,2,185000,34.5,225,0,200,3000,3.6,2.5,20,1,1,31.2331,121.458,31,11,31,29,1,9.63,13.88,8.86
1740,申报馆,4,3,-1,6,6,0,3680,30,0,0,0,0,2.4,0,0,1,1,31.2413,121.491,72,21,72,84,1,7.61,8.5,7.28
1766,永业商务楼,4,2,21,18,4,1,18600,10,400,30,400,1124,2.9,2.7,3,0,1,31.2114,121.521,10,2,10,6,2,2.84,3,6.81
1784,机电大厦,4,2,26,25,4,1,27300,21,800,0,20,1100,2.8,2.4,6,0,1,31.2532,121.459,31,5,31,34,1,3.75,4,5.92
1785,城开中心,5,3,5,30,48,0,512628,32,0,0,0,0,4.5,0,0,1,1,31.1351,121.4,6,0,6,2,0,4.56,5.71,5.16
1797,安基大厦,4,3,16,23,2,1,26181,19,1000,50,72,870,2.9,2.9,7,1,1,31.2207,121.491,74,11,74,24,2,3.35,4.2,5.39
1805,陆家嘴金融服务广场,4,3,7,22,15,2,72000,32,1500,29,324,3500,3.4,3.1,8,0,1,31.2238,121.537,18,0,18,11,1,7.1,8.5,11.33
1818,汇京国际广场,5,3,6,24,7,1,86700,25,1200,400,30,1501,3.95,2.7,10,1,1,31.2032,121.43,21,2,21,14,1,5.68,8.83,7.52
1821,旭辉世纪广场,4,2,12,13,4,1,13000,12.5,1000,49,100,970,3.7,2.7,4,1,1,31.2389,121.407,10,3,10,7,0,3.65,4.03,5.04
1828,优联创意公社,4,3,-1,3,0,0,1000,0,0,0,0,0,4,0,0,1,1,31.2364,121.449,33,3,33,19,1,5.58,8.58,8.11
1842,新茂大厦,4,3,14,20,8,2,43400,34.7,1660,20,121,1780,3,2.7,15,1,1,31.2268,121.48,20,8,20,16,1,9.67,12.81,9.28
1844,仙乐斯广场,5,3,18,37,10,1,81000,30.5,1650,20,300,1900,4,2.6,6,1,1,31.2375,121.475,32,13,32,25,0,7.2,8.89,8.57
1852,星荟中心,4,3,-1,32,6,0,248000,0,0,0,0,0,0,0,0,1,1,31.2515,121.496,56,4,56,42,0,6.9,8.12,7.99
1862,东朔商务中心,4,3,-1,8,0,0,5600,17,0,0,0,0,0,0,0,1,1,31.1124,121.38,27,9,27,7,0,4.56,3.2,3.29
1880,赢华国际广场,4,3,8,16,6,2,108513,15.8,800,200,450,1000,4.2,2.8,9.19,1,1,31.2266,121.392,4,2,4,29,0,4.26,5.07,5.04
1885,静安高和大厦,4,3,-1,29,5,1,31000,30,1200,1000,1200,1100,3.3,0,6.5,1,1,31.2295,121.45,33,8,33,27,1,6.69,7.85,8.86
1888,星汇大厦,4,3,-1,0,0,0,0,10,0,0,0,0,3.8,0,0,1,1,31.1495,121.334,4,14,4,4,0,2.43,2.65,2.24
1910,源达大厦,4,3,7,30,6,1,72422,25,1500,50,200,18650,3.1,2.9,8,1,1,31.2484,121.446,37,5,37,30,2,4.06,6.07,5.94
1922,森林湾大厦,4,3,14,23,5,1,58000,15,1000,100,200,1500,4,3.8,5,1,1,31.2565,121.494,72,10,72,34,1,4.06,4.3,6.6
1928,晶采世纪大厦,4,3,14,25,5,1,34793,30,1200,30,300,1300,3.6,2.6,10,1,1,31.2328,121.468,37,15,37,30,3,6.08,7,8.86
1932,伟泰大厦,2,1,-1,9,2,2,11600,5,300,0,0,0,4,3,4.5,0,1,31.2234,121.538,16,0,16,6,1,4.06,9.9,6.81
1935,98创意园,3,2,9,6,1,1,14000,30,800,20,20,1400,4.7,3.8,7,1,1,31.2349,121.448,35,5,35,27,0,5.07,6,8.86
1969,金谷中环大厦,4,3,-1,20,2,0,24906,0,0,0,0,0,3.5,0,0,1,1,31.3049,121.458,9,0,9,4,0,4.56,3.98,4.33
1976,宝鼎大厦,4,3,21,29,5,1,37050,12,800,30,250,1277,3.6,2.6,3,1,1,31.212,121.477,32,0,32,27,1,3.65,4.4,6.86
2020,慧创国际,4,3,11,10,1,1,71400,6,300,500,800,340,3.5,3.2,4,1,1,31.2457,121.336,6,0,6,1,1,2.03,2.8,9.86
2022,明凯大厦,5,3,6,13,10,3,18000,10,0,500,0,1500,3.35,3.1,5.09,0,1,31.2778,121.475,23,3,23,7,0,3.55,3.54,4.44
2032,金茂大厦,5,3,20,88,26,2,287360,40,1500,100,800,2358,4,2.7,10,1,1,31.2408,121.512,16,2,16,14,1,9.63,15.06,13.92
2039,江天大厦,4,3,13,26,3,1,26600,18,600,100,30,891,3,2.5,5,1,1,31.201,121.515,19,3,19,17,0,3.04,3.5,5.93
2064,广东发展银行大厦,4,2,19,25,3,1,60598,24,1200,50,100,916,3.7,2.5,7.2,1,1,31.2139,121.479,28,0,28,19,2,6.27,6.4,6.86
2078,21世纪中心大厦,6,3,11,48,10,1,120000,33,1600,50,300,2000,4,2.8,10,1,1,31.24,121.516,23,1,23,21,0,7.1,0,0
2093,新发展大厦,4,2,9,20,3,0,14000,14,500,20,50,700,3.5,2.5,5,1,1,31.2509,121.466,27,7,27,19,2,4.06,5,5.92
2102,中建时代广场,4,3,3,10,8,0,0,32,0,0,0,0,4.2,0,0,1,1,31.1918,121.517,7,0,7,2,1,6.08,7.18,7.27
2113,上海澧相健康科技园,4,3,-1,6,2,0,14000,0,0,0,0,0,3,0,0,1,1,31.0998,121.588,2,1,2,1,0,2.43,2.4,2.76
2120,虹桥协信中心,4,3,-1,9,0,0,225622,15,0,0,0,0,4.3,0,0,1,1,31.1924,121.334,1,0,1,0,0,4.06,4.64,6.16
2126,三林金融众创空间,4,3,-1,6,2,0,0,9,0,0,0,0,3.3,0,0,1,1,31.1449,121.507,21,0,21,15,0,3.35,3.65,4.31
2132,海文商务楼,4,3,29,5,0,0,5341,15,0,0,0,0,2.9,0,0,1,1,31.2201,121.494,43,7,43,26,2,4.87,4.88,5.39
2150,紫苑大厦,4,2,-1,24,6,0,0,3,0,0,0,0,3.5,0,0,1,1,31.2095,121.468,23,3,23,19,1,3.04,3.5,7.52
2155,恒生银行大厦,4,3,21,46,10,2,116824,45.5,1400,0,420,1500,3.9,2.7,8,1,1,31.2458,121.514,20,1,20,7,1,10.14,14.1,13.92
2158,申汉大厦,4,3,-1,31,4,0,19086,0,0,0,0,0,0,0,0,1,1,31.2377,121.398,9,0,0,8,1,3.2,3.35,5.04
2168,绿地和创大厦,4,3,12,25,8,1,59000,21,1000,22,258,1800,3.1,2.7,5,1,1,31.2431,121.426,29,4,29,14,2,4.66,7.13,5.16
